	Windspeed	STDeV	Leq_x	Leq_y
1064	5.0	2.5	3317.3013636363635	4583.407393939393
1063	5.0	2.25	3387.4333333333348	3964.5211999999997
1062	5.0	2.0	3276.7	3508.6353636363633
1059	5.0	0.25	3154.9915151515147	490.0513803030304
1060	5.0	0.5	3180.7339393939387	946.1668363636362
1061	5.0	0.75	3176.712121212121	1430.0127181818182
1067	5.1	0.75	3257.6636363636353	1519.7762878787878
1068	5.1	2.0	3401.8636363636356	3635.7395454545454
1069	5.1	2.25	3411.951666666667	3939.5249575757566
1070	5.1	2.5	3365.172121212121	4546.418799999999
1065	5.1	0.25	3224.5363636363636	548.8536454545457
1066	5.1	0.5	3203.779393939394	1011.2117272727272
1071	5.2	0.25	3260.5418181818177	557.7426848484846
1072	5.2	0.5	3279.5136363636357	973.9057590909091
1073	5.2	0.75	3284.447727272727	1432.5432727272728
1074	5.2	2.0	3380.8499999999995	3614.290145454545
1075	5.2	2.25	3483.359090909091	4073.3634999999995
1076	5.2	2.5	3478.2096969696972	4439.787872727273
1080	5.3	2.0	3420.0454545454545	3659.734909090909
1082	5.3	2.5	3492.4810606060605	4367.178954545454
1081	5.3	2.25	3479.8345454545456	4272.270166666666
1078	5.3	0.5	3343.0472727272736	1005.2316606060607
1079	5.3	0.75	3357.368333333336	1536.1873333333333
1077	5.3	0.25	3350.5627272727274	528.8069606060604
1083	5.4	0.25	3381.3296969696976	543.9575636363634
1084	5.4	0.5	3398.969696969699	999.9218454545453
1085	5.4	0.75	3408.2254545454543	1435.3058727272723
1086	5.4	2.0	3495.3071212121217	3643.885957575758
1087	5.4	2.25	3432.598484848484	4038.8589151515152
1088	5.4	2.5	3576.8727272727274	4287.722045454545
1094	5.5	2.5	3529.3709090909088	4228.554327272728
1093	5.5	2.25	3632.6504545454545	4163.258196969696
1089	5.5	0.25	3482.694090909094	543.0113
1091	5.5	0.75	3440.898181818182	1407.4784181818181
1090	5.5	0.5	3470.7466666666655	1090.1934515151515
1092	5.5	2.0	3542.233333333333	3684.8130303030307
1100	5.6	2.5	3754.06909090909	4603.058357575757
1099	5.6	2.25	3631.081212121214	4300.0650000000005
1097	5.6	0.75	3557.0050000000006	1460.0516666666667
1095	5.6	0.25	3543.927272727273	559.0732424242426
1098	5.6	2.0	3665.5242424242415	3550.0226666666663
1096	5.6	0.5	3491.7749999999996	1009.0261363636363
1102	5.7	0.5	3619.096363636361	974.8966787878787
1103	5.7	0.75	3590.6125757575796	1481.9260909090908
1104	5.7	2.0	3685.5272727272722	3960.0951999999993
1105	5.7	2.25	3769.599242424242	4329.223
1106	5.7	2.5	3716.7954545454545	4866.375030303029
1101	5.7	0.25	3584.0636363636345	545.5069409090909
1108	5.8	0.5	3675.827272727273	1067.4533106060605
1109	5.8	0.75	3666.830303030303	1573.7355515151517
1110	5.8	2.0	3718.1768181818175	3838.484357575757
1111	5.8	2.25	3820.727272727272	4413.643636363637
1112	5.8	2.5	3918.8200000000006	4753.561939393939
1107	5.8	0.25	3638.2763636363625	563.8568727272728
1117	5.9	2.25	3752.7242424242413	4247.558999999999
1118	5.9	2.5	3880.121212121212	4809.473454545454
1116	5.9	2.0	3821.9236363636355	4100.348863636364
1114	5.9	0.5	3721.666666666666	1038.8803636363639
1113	5.9	0.25	3725.25636363636	552.4660727272726
1115	5.9	0.75	3692.106363636366	1523.590254545454
1119	6.0	0.25	3811.477727272725	542.9853696969697
1120	6.0	0.5	3755.3563636363638	1074.8347348484845
1121	6.0	0.75	3792.9983333333316	1534.573
1122	6.0	2.0	3804.3727272727288	3940.7183560606063
1123	6.0	2.25	4010.201363636363	4280.2594818181815
1124	6.0	2.5	3926.891666666665	5092.988787878788
1125	6.1	0.25	3834.6360606060616	566.5004999999999
1126	6.1	0.5	3841.0322727272714	1055.6144393939392
1127	6.1	0.75	3871.317272727277	1570.998696969697
1128	6.1	2.0	3914.7699999999995	4010.5019696969694
1129	6.1	2.25	3901.005606060606	4326.711636363637
1130	6.1	2.5	3919.7599999999993	5144.5474469696965
1136	6.2	2.5	4128.2181818181825	4899.303749999999
1135	6.2	2.25	3994.9000000000005	4430.5196
1134	6.2	2.0	3990.2298484848466	3917.849333333332
1133	6.2	0.75	3916.693333333337	1497.3322424242422
1132	6.2	0.5	3883.6506060606052	1062.471712121212
1131	6.2	0.25	3933.7212121212115	536.7332727272726
1142	6.3	2.5	4055.5699999999997	4692.837575757576
1141	6.3	2.25	4140.388636363636	4341.131272727273
1137	6.3	0.25	3974.9018181818237	555.1648181818182
1139	6.3	0.75	3964.169999999998	1547.2444636363628
1138	6.3	0.5	3975.2768181818215	1099.528787878788
1140	6.3	2.0	4054.7866666666655	3924.8820818181803
1144	6.4	0.5	4035.4236363636364	1063.0573484848487
1145	6.4	0.75	4041.2800000000025	1579.3256666666662
1146	6.4	2.0	4209.411363636364	4096.017787878787
1147	6.4	2.25	4153.343939393939	4153.170499999999
1148	6.4	2.5	4174.632272727273	4724.336484848484
1143	6.4	0.25	4015.439393939392	573.9478181818184
1153	6.5	2.25	4157.673333333333	4463.462075757575
1154	6.5	2.5	4154.144696969697	4857.678
1152	6.5	2.0	4181.315909090908	3994.1370727272724
1150	6.5	0.5	4103.486060606065	1095.434412121212
1149	6.5	0.25	4096.265454545462	562.7110303030303
1151	6.5	0.75	4084.883636363635	1654.5823636363634
1155	6.6	0.25	4170.484999999993	589.0462424242423
1156	6.6	0.5	4170.001818181818	1059.7549242424245
1157	6.6	0.75	4195.064242424242	1567.413421212121
1158	6.6	2.0	4272.67	4215.06193939394
1159	6.6	2.25	4305.989999999999	4810.379166666666
1160	6.6	2.5	4239.794848484849	4961.036719696969
1161	6.7	0.25	4224.777272727267	575.8034545454545
1162	6.7	0.5	4212.0	1045.9096969696968
1163	6.7	0.75	4220.458181818179	1701.4589999999994
1164	6.7	2.0	4387.90909090909	4255.8955
1165	6.7	2.25	4271.854545454545	4436.48606060606
1166	6.7	2.5	4410.070909090909	4923.501749999999
1171	6.8	2.25	4335.674242424241	4615.264090909091
1172	6.8	2.5	4480.025454545456	5305.872318181818
1169	6.8	0.75	4268.824545454546	1654.5191515151514
1168	6.8	0.5	4315.328030303031	1093.8420000000003
1170	6.8	2.0	4444.000757575758	4252.165454545455
1167	6.8	0.25	4300.647727272727	568.5209090909088
1173	6.9	0.25	4315.968939393939	556.9904090909088
1174	6.9	0.5	4346.484545454545	1060.131909090909
1175	6.9	0.75	4341.501818181821	1637.9736727272732
1176	6.9	2.0	4353.081212121211	4172.9041636363645
1177	6.9	2.25	4470.374999999999	4994.238090909089
1178	6.9	2.5	4419.303030303029	4869.378090909091
1184	7.0	2.5	4597.769696969696	5511.300136363636
1183	7.0	2.25	4514.572727272727	4647.507518181817
1179	7.0	0.25	4407.632575757576	581.7579545454545
1181	7.0	0.75	4416.528181818185	1632.6653787878786
1180	7.0	0.5	4424.949090909091	1109.3405909090916
1182	7.0	2.0	4425.530000000001	3953.6052121212124
1189	7.1	2.25	4573.858333333334	4416.4217575757575
1190	7.1	2.5	4601.727272727273	4999.684181818181
1187	7.1	0.75	4430.679696969697	1638.2935454545457
1186	7.1	0.5	4499.1206060606055	1133.048045454546
1185	7.1	0.25	4473.258030303037	574.4168181818183
1188	7.1	2.0	4527.5422727272735	4219.229666666666
1191	7.2	0.25	4548.130909090915	606.4573787878788
1192	7.2	0.5	4514.81121212121	1165.0113484848484
1193	7.2	0.75	4535.694545454546	1628.5096666666664
1194	7.2	2.0	4504.232727272727	4211.377990909092
1195	7.2	2.25	4597.854545454545	4423.663409090909
1196	7.2	2.5	4763.733333333333	5391.909712121213
1202	7.3	2.5	4715.093939393939	5402.738727272728
1201	7.3	2.25	4680.568484848483	4901.61
1199	7.3	0.75	4609.329090909089	1771.3194545454544
1198	7.3	0.5	4576.332727272729	1195.8483333333331
1197	7.3	0.25	4574.240303030302	616.2839999999999
1200	7.3	2.0	4594.7380303030295	4181.621606060607
1203	7.4	0.25	4643.00909090909	567.2802424242424
1204	7.4	0.5	4676.072727272727	1131.7457727272729
1205	7.4	0.75	4624.881969696968	1714.6189696969705
1206	7.4	2.0	4757.057727272728	4428.3295
1207	7.4	2.25	4782.613333333334	4493.017333333333
1208	7.4	2.5	4833.981818181818	5400.4766666666665
1210	7.5	0.5	4713.339696969697	1183.1871363636365
1209	7.5	0.25	4720.677272727272	637.6086818181819
1214	7.5	2.5	4768.62	5614.15306060606
1211	7.5	0.75	4698.267272727274	1582.1216666666667
1213	7.5	2.25	4813.189393939393	4635.416469696969
1212	7.5	2.0	4817.726363636363	4142.552181818181
1220	7.6	2.5	4887.133939393941	5395.936
1219	7.6	2.25	4785.088636363636	4700.427727272729
1215	7.6	0.25	4774.5313636363635	609.8640000000001
1217	7.6	0.75	4809.666666666666	1756.9027272727271
1216	7.6	0.5	4766.239242424242	1201.5659242424242
1218	7.6	2.0	4811.295757575757	4437.623712121212
1221	7.7	0.25	4826.226363636364	600.6230909090907
1222	7.7	0.5	4811.056818181817	1153.431136363636
1223	7.7	0.75	4852.450909090908	1653.7227272727273
1224	7.7	2.0	4835.518181818181	4141.22612121212
1225	7.7	2.25	4924.079999999999	4659.924227272727
1226	7.7	2.5	4993.294090909092	5241.009136363636
1232	7.8	2.5	5034.867272727273	5395.645333333334
1231	7.8	2.25	4918.842727272728	4694.936363636364
1228	7.8	0.5	4878.1639393939395	1194.4195454545454
1229	7.8	0.75	4910.404545454545	1740.917893939394
1227	7.8	0.25	4887.096363636363	628.2198484848483
1230	7.8	2.0	4993.780909090909	4413.3765
1238	7.9	2.5	5049.800151515153	5494.967848484848
1237	7.9	2.25	4984.901515151515	4967.063878787878
1233	7.9	0.25	4944.400606060606	606.0576666666665
1235	7.9	0.75	4959.09818181818	1774.8916363636356
1234	7.9	0.5	4938.154848484849	1205.6249999999998
1236	7.9	2.0	4943.994545454546	4298.113636363636
1239	8.0	0.25	5032.541666666667	616.6963636363635
1240	8.0	0.5	4999.0149999999985	1203.5845454545456
1241	8.0	0.75	4981.472727272727	1707.5603181818185
1242	8.0	2.0	5067.163181818182	4623.527999999999
1243	8.0	2.25	5104.220454545455	5084.522272727272
1244	8.0	2.5	5076.615757575758	5498.45053030303
1250	8.1	2.5	5172.884545454545	5512.956581818181
1249	8.1	2.25	5155.3213636363635	4872.946363636364
1248	8.1	2.0	5113.85	4758.152424242424
1247	8.1	0.75	5048.484848484848	1725.50303030303
1245	8.1	0.25	5051.668030303033	602.9683636363637
1246	8.1	0.5	5057.047272727272	1149.1636363636367
1256	8.2	2.5	5191.295454545455	5737.0139212121185
1255	8.2	2.25	5111.512727272728	4858.501651515151
1252	8.2	0.5	5119.929545454545	1220.3347272727267
1253	8.2	0.75	5103.030303030303	1718.9624393939384
1251	8.2	0.25	5089.604242424246	605.3349696969698
1254	8.2	2.0	5132.988181818183	4167.542045454545
1258	8.3	0.5	5175.766818181819	1159.8159999999993
1259	8.3	0.75	5168.738484848483	1732.9781818181812
1260	8.3	2.0	5277.011363636366	4596.508106060606
1261	8.3	2.25	5207.66590909091	5140.707862121212
1262	8.3	2.5	5349.24090909091	5505.980472727274
1257	8.3	0.25	5153.141363636358	620.9803636363636
1267	8.4	2.25	5281.3966666666665	5209.548287878787
1268	8.4	2.5	5403.824242424243	5714.793818181818
1266	8.4	2.0	5201.053181818182	4533.828121212121
1264	8.4	0.5	5245.254545454544	1235.6654545454546
1263	8.4	0.25	5240.644848484848	664.6664545454544
1265	8.4	0.75	5243.453787878792	1773.4627727272718
1269	8.5	0.25	5276.7704545454535	666.6450909090906
1270	8.5	0.5	5292.161818181818	1224.9695454545458
1271	8.5	0.75	5276.461060606056	1767.6405303030308
1272	8.5	2.0	5309.3672727272715	4795.132727272727
1273	8.5	2.25	5410.84303030303	5145.954015151515
1274	8.5	2.5	5372.137121212119	5335.191515151515
1280	8.6	2.5	5473.466818181818	5606.436363636364
1279	8.6	2.25	5503.962727272729	5071.291196969695
1276	8.6	0.5	5334.63666666667	1260.3570909090913
1277	8.6	0.75	5322.886818181819	1793.462181818182
1275	8.6	0.25	5335.748181818179	634.8433939393938
1278	8.6	2.0	5414.659090909092	4566.467733333334
1286	8.7	2.5	5532.829545454544	5823.220363636364
1285	8.7	2.25	5479.330909090909	5209.331045454545
1284	8.7	2.0	5360.73106060606	4509.740681818182
1281	8.7	0.25	5414.375606060606	633.6077575757577
1283	8.7	0.75	5379.121818181819	1728.6047575757568
1282	8.7	0.5	5397.646363636367	1186.8691363636362
1289	8.8	0.75	5404.249090909091	1662.9015909090908
1288	8.8	0.5	5453.9800000000005	1226.0760000000002
1292	8.8	2.5	5493.476666666666	5566.972363636364
1287	8.8	0.25	5473.733333333334	675.8381666666663
1291	8.8	2.25	5641.270303030305	5034.117090909091
1290	8.8	2.0	5573.344242424241	4559.019454545455
1293	8.9	0.25	5503.42242424243	674.0962878787877
1294	8.9	0.5	5511.5300000000025	1207.3606060606062
1295	8.9	0.75	5485.5696969696955	1738.9596212121216
1296	8.9	2.0	5560.092121212121	4478.475272727273
1297	8.9	2.25	5601.959999999999	5365.013787878788
1298	8.9	2.5	5646.350606060607	5540.550272727271
1303	9.0	2.25	5705.8209090909095	5523.143636363636
1304	9.0	2.5	5772.1950000000015	5832.767045454545
1301	9.0	0.75	5593.903636363637	1833.635878787879
1300	9.0	0.5	5582.690909090908	1134.3722727272725
1302	9.0	2.0	5628.77818181818	4542.135227272727
1299	9.0	0.25	5567.529242424239	640.7970151515152
1310	9.1	2.5	5769.945454545454	5597.452954545455
1309	9.1	2.25	5811.2363636363625	5388.88896969697
1306	9.1	0.5	5642.280000000001	1163.7989999999998
1307	9.1	0.75	5638.189999999998	1737.4630000000002
1305	9.1	0.25	5649.050151515151	700.2916363636366
1308	9.1	2.0	5742.749999999999	4851.3381818181815
1312	9.2	0.5	5703.604090909096	1233.9631212121212
1313	9.2	0.75	5696.523636363632	1805.8607575757578
1314	9.2	2.0	5771.909090909091	4756.913545454545
1315	9.2	2.25	5808.862121212121	5175.058121212121
1316	9.2	2.5	5903.431363636362	5654.184666666666
1311	9.2	0.25	5692.316666666666	739.6955151515152
1322	9.3	2.5	5903.923484848485	5688.022030303029
1321	9.3	2.25	5791.799545454546	5208.98821212121
1318	9.3	0.5	5752.181818181818	1255.241151515151
1319	9.3	0.75	5735.69696969697	1827.6421818181818
1320	9.3	2.0	5852.4395454545465	4527.191196969697
1317	9.3	0.25	5753.3036363636365	703.8800151515147
1324	9.4	0.5	5826.3281818181795	1229.0593939393937
1325	9.4	0.75	5804.92818181818	1875.080666666666
1326	9.4	2.0	5906.051666666667	4968.325909090908
1327	9.4	2.25	5932.2072727272725	5465.985166666666
1328	9.4	2.5	5918.154545454544	5800.932878787879
1323	9.4	0.25	5824.50909090909	687.5282272727277
1329	9.5	0.25	5864.090909090909	707.3608181818182
1330	9.5	0.5	5872.16454545455	1292.7766666666664
1331	9.5	0.75	5899.035	1867.283424242424
1332	9.5	2.0	5830.84409090909	4634.8879090909095
1333	9.5	2.25	6090.018181818182	5356.118303030304
1334	9.5	2.5	5972.594545454546	5601.316090909091
1340	9.6	2.5	5954.420606060606	5710.757166666666
1339	9.6	2.25	5883.899393939394	4922.759227272727
1336	9.6	0.5	5929.401515151514	1251.3900000000003
1335	9.6	0.25	5933.018181818187	689.0419545454547
1338	9.6	2.0	6006.225757575758	4613.271363636365
1337	9.6	0.75	5954.671212121216	1770.7287272727274
1341	9.7	0.25	6004.549090909094	686.3031818181815
1342	9.7	0.5	6027.404242424249	1225.2486818181826
1343	9.7	0.75	5973.24409090909	1865.8594090909087
1344	9.7	2.0	6028.565454545454	4889.414333333334
1345	9.7	2.25	6080.600909090909	5286.596984848484
1346	9.7	2.5	6173.307878787879	6047.6715545454545
1347	9.8	0.25	6054.0872727272645	723.144136363636
1348	9.8	0.5	6065.937878787879	1226.3416515151519
1349	9.8	0.75	6075.267272727271	1750.8068181818182
1350	9.8	2.0	6099.132727272727	4908.1863939393925
1351	9.8	2.25	6203.869696969697	5218.620990909091
1352	9.8	2.5	6225.508333333332	5373.721348484846
1358	9.9	2.5	6108.80318181818	5825.9695454545445
1354	9.9	0.5	6119.634848484846	1250.5371212121208
1355	9.9	0.75	6122.086060606058	1805.393242424242
1356	9.9	2.0	6161.53712121212	4552.996484848484
1353	9.9	0.25	6124.170000000006	677.0474090909089
1357	9.9	2.25	6234.155303030303	5522.227090909089
0	10.0	0.25	6205.681363636358	682.3740000000001
5	10.0	2.5	6324.543939393938	5607.753666666666
4	10.0	2.25	6247.447272727272	5407.761424242422
1	10.0	0.5	6193.76348484848	1244.6610606060603
2	10.0	0.75	6244.895909090917	1764.4693181818186
3	10.0	2.0	6307.098181818182	4846.034454545455
11	10.1	2.5	6454.498484848484	5879.158636363635
10	10.1	2.25	6389.159090909091	5477.051136363636
6	10.1	0.25	6271.55454545454	661.9349848484846
8	10.1	0.75	6294.488484848489	1804.2152878787876
7	10.1	0.5	6290.779090909087	1233.297
9	10.1	2.0	6328.727272727273	4543.2181818181825
12	10.2	0.25	6352.182727272738	738.9791666666666
13	10.2	0.5	6311.318787878779	1315.3668181818184
14	10.2	0.75	6329.5877272727275	1825.187545454546
15	10.2	2.0	6405.821212121215	4682.544848484848
16	10.2	2.25	6271.909090909089	5324.388136363635
17	10.2	2.5	6531.280000000001	5943.9640909090895
23	10.3	2.5	6487.674545454545	6012.618181818181
22	10.3	2.25	6363.38393939394	5474.372909090909
19	10.3	0.5	6417.811363636363	1234.3600454545453
20	10.3	0.75	6414.630303030311	1690.9827878787885
18	10.3	0.25	6420.74787878789	695.8273636363638
21	10.3	2.0	6502.505454545455	4548.551515151514
29	10.4	2.5	6652.6622727272725	5881.850577272727
28	10.4	2.25	6532.865454545456	5170.4325
24	10.4	0.25	6459.907878787873	722.1933333333334
26	10.4	0.75	6487.720151515156	1840.2290909090912
25	10.4	0.5	6492.267575757576	1254.7621666666669
27	10.4	2.0	6611.928484848485	4712.469681818181
30	10.5	0.25	6537.244999999989	747.7049999999999
31	10.5	0.5	6538.814545454538	1292.8875454545455
32	10.5	0.75	6551.008484848485	1883.1236363636358
33	10.5	2.0	6609.3727272727265	4569.704393939394
34	10.5	2.25	6812.09696969697	5573.199903030302
35	10.5	2.5	6518.845757575758	6320.32006060606
41	10.6	2.5	6745.966060606061	6362.522151515151
40	10.6	2.25	6763.264999999999	5525.362424242424
39	10.6	2.0	6706.21090909091	4742.8978181818175
38	10.6	0.75	6597.767575757576	1850.147454545454
37	10.6	0.5	6617.078787878788	1341.5809090909088
36	10.6	0.25	6617.4036363636305	740.1096818181818
47	10.7	2.5	6859.2818181818175	5873.70606060606
46	10.7	2.25	6871.861969696968	5234.534454545454
42	10.7	0.25	6655.8945454545565	717.8696818181817
44	10.7	0.75	6770.232575757581	1968.0864848484848
43	10.7	0.5	6662.985000000004	1240.9055454545453
45	10.7	2.0	6894.279393939396	4993.023121212122
49	10.8	0.5	6816.620000000009	1271.225560606061
50	10.8	0.75	6830.681212121203	1791.6299999999997
51	10.8	2.0	6999.6151515151505	5242.163151515151
52	10.8	2.25	6740.412424242425	5611.784484848485
53	10.8	2.5	6924.4918181818175	6105.903090909092
48	10.8	0.25	6736.663636363624	787.4127272727272
58	10.9	2.25	6956.5199999999995	5595.410454545454
59	10.9	2.5	7106.590909090909	6384.735242424242
57	10.9	2.0	7040.065151515153	4906.100727272728
55	10.9	0.5	7001.499999999998	1349.9498181818183
54	10.9	0.25	7087.389090909086	828.1093333333332
56	10.9	0.75	7088.694090909092	1907.0741818181812
60	11.0	0.25	7196.040909090908	882.8048181818184
61	11.0	0.5	7181.032727272728	1418.4246212121209
62	11.0	0.75	7159.704545454544	1933.0068181818178
63	11.0	2.0	7109.005909090907	5032.708227272727
64	11.0	2.25	7008.271515151515	5807.88259090909
65	11.0	2.5	7057.0043939393945	6491.4
66	11.1	0.25	7227.133333333337	889.5451818181818
67	11.1	0.5	7212.665151515156	1499.5603636363637
68	11.1	0.75	7221.78409090909	2056.5923636363636
69	11.1	2.0	7140.533636363635	5032.503454545454
70	11.1	2.25	7113.565303030302	5755.598863636363
71	11.1	2.5	7153.006363636365	6166.560696969697
77	11.2	2.5	7137.21212121212	6538.638
76	11.2	2.25	7121.9686363636365	5536.728181818182
74	11.2	0.75	7219.2313636363615	2253.1692272727273
73	11.2	0.5	7195.798484848484	1442.4118787878783
72	11.2	0.25	7241.390303030295	912.1944999999996
75	11.2	2.0	7076.932121212121	4662.419636363635
83	11.3	2.5	7170.335454545455	6759.818863636363
82	11.3	2.25	7274.109696969697	6040.800181818182
78	11.3	0.25	7198.912727272739	929.6792272727271
80	11.3	0.75	7253.681818181817	2112.0907272727263
81	11.3	2.0	7162.348787878788	5277.241454545454
79	11.3	0.5	7210.011363636363	1537.8143333333335
84	11.4	0.25	7214.681515151508	1010.401303030303
85	11.4	0.5	7211.532575757568	1608.5156666666667
86	11.4	0.75	7236.312727272723	2103.7346060606055
87	11.4	2.0	7135.540000000002	5575.572242424242
88	11.4	2.25	7247.163636363636	5934.952348484849
89	11.4	2.5	7226.067727272726	6301.950924242425
95	11.5	2.5	7242.213939393941	6251.157272727273
94	11.5	2.25	7230.04303030303	5906.563727272727
91	11.5	0.5	7218.239999999995	1550.8606060606057
92	11.5	0.75	7220.332121212115	2097.3866666666663
90	11.5	0.25	7212.5209090908975	1032.4426515151513
93	11.5	2.0	7178.603030303031	5569.28
101	11.6	2.5	7285.292575757577	6202.958075757575
100	11.6	2.25	7259.566666666666	5550.796803030303
96	11.6	0.25	7216.473030303019	1021.0436363636364
98	11.6	0.75	7235.1854545454535	2203.631833333334
97	11.6	0.5	7222.112121212121	1585.3723030303033
99	11.6	2.0	7284.290151515151	5209.94196969697
102	11.7	0.25	7209.381818181817	1098.392
103	11.7	0.5	7213.301666666665	1573.563393939393
104	11.7	0.75	7225.026363636361	2174.3321212121214
105	11.7	2.0	7276.193181818182	5237.9316969696965
106	11.7	2.25	7206.57	5885.542909090909
107	11.7	2.5	7266.090909090908	6708.031878787878
112	11.8	2.25	7247.409090909091	6318.370151515152
113	11.8	2.5	7249.551060606062	6769.183999999999
110	11.8	0.75	7192.784999999997	2207.151515151515
109	11.8	0.5	7210.999090909097	1596.0444696969694
111	11.8	2.0	7238.258181818181	5276.877272727272
108	11.8	0.25	7214.26424242424	1127.3461818181818
119	11.9	2.5	7278.320303030302	6842.573333333333
118	11.9	2.25	7213.102424242424	5855.396666666666
116	11.9	0.75	7206.958333333331	2106.3978484848485
115	11.9	0.5	7209.613636363634	1572.6400909090908
117	11.9	2.0	7190.511363636364	5212.2
114	11.9	0.25	7193.728787878788	1135.282909090909
120	12.0	0.25	7194.818181818179	1159.465939393939
121	12.0	0.5	7207.81636363637	1621.216606060606
122	12.0	0.75	7207.635757575757	2179.7149090909093
123	12.0	2.0	7225.1672727272735	5256.636666666667
124	12.0	2.25	7266.665454545455	5565.1521212121215
125	12.0	2.5	7182.389696969696	6493.029818181818
130	12.1	2.25	7180.170454545454	5982.958636363636
131	12.1	2.5	7091.843636363635	6832.0905303030295
128	12.1	0.75	7196.981212121206	2250.8766060606054
127	12.1	0.5	7190.811818181817	1658.021590909091
129	12.1	2.0	7251.769696969696	5466.063484848484
126	12.1	0.25	7191.698484848493	1168.5470454545455
137	12.2	2.5	7259.543636363636	6466.92515151515
136	12.2	2.25	7314.337272727272	6215.431818181818
134	12.2	0.75	7192.991363636358	2199.5609999999997
133	12.2	0.5	7191.3421212121175	1670.3536212121212
132	12.2	0.25	7181.179999999992	1204.167272727273
135	12.2	2.0	7169.407272727272	5289.193363636363
138	12.3	0.25	7170.737878787886	1213.8116363636364
139	12.3	0.5	7179.125909090911	1695.919515151515
141	12.3	2.0	7232.788484848485	5516.592727272727
142	12.3	2.25	7293.049242424243	6043.692696969697
143	12.3	2.5	7227.056060606061	6466.307030303031
140	12.3	0.75	7203.849545454541	2237.867272727272
144	12.4	0.25	7190.305606060601	1241.50796969697
145	12.4	0.5	7190.260606060607	1637.6424848484849
146	12.4	0.75	7203.165454545452	2197.624363636364
147	12.4	2.0	7263.891818181818	5418.833333333333
148	12.4	2.25	7193.818181818182	5986.734545454545
149	12.4	2.5	7325.300606060607	6606.5069696969695
151	12.5	0.5	7179.036666666668	1581.282818181818
150	12.5	0.25	7178.890909090909	1271.7370606060601
155	12.5	2.5	7227.2481818181805	6496.1125606060605
152	12.5	0.75	7189.196666666662	2183.8176363636367
154	12.5	2.25	7244.415	6224.709040909091
153	12.5	2.0	7216.21515151515	5449.628272727273
156	12.6	0.25	7173.938181818188	1311.7057121212124
157	12.6	0.5	7164.818181818181	1692.704045454545
158	12.6	0.75	7151.128787878787	2330.7363636363634
159	12.6	2.0	7278.126666666665	5650.6866666666665
160	12.6	2.25	7198.928181818181	5902.160606060606
161	12.6	2.5	7154.836363636363	6741.9
162	12.7	0.25	7168.675151515143	1317.6822272727277
163	12.7	0.5	7189.387575757566	1636.251604545454
164	12.7	0.75	7219.241060606057	2296.540939393939
165	12.7	2.0	7253.730909090908	5597.340909090908
166	12.7	2.25	7179.136363636365	5784.322666666667
167	12.7	2.5	7271.994545454546	6466.669575757577
173	12.8	2.5	7342.6315151515155	6500.040681818181
172	12.8	2.25	7285.239545454546	6211.064999999999
171	12.8	2.0	7234.958636363636	5411.061818181818
170	12.8	0.75	7186.269696969701	2269.693787878788
169	12.8	0.5	7161.468787878782	1722.901621212121
168	12.8	0.25	7180.16590909092	1320.3122121212123
174	12.9	0.25	7184.247727272716	1324.064063636364
175	12.9	0.5	7172.874848484848	1756.4126666666662
176	12.9	0.75	7195.373636363637	2221.492359090909
177	12.9	2.0	7180.020151515151	5381.518499999999
178	12.9	2.25	7321.171818181819	6172.1
179	12.9	2.5	7353.447727272726	6906.141666666667
185	13.0	2.5	7265.545757575756	6728.2493939393935
184	13.0	2.25	7228.846969696968	6431.02236969697
180	13.0	0.25	7158.333333333334	1362.5008030303034
182	13.0	0.75	7172.92090909091	2455.864606060606
181	13.0	0.5	7155.054545454547	1733.7556363636363
183	13.0	2.0	7238.110909090909	5760.993939393939
191	13.1	2.5	7304.092727272728	7105.876363636364
189	13.1	2.0	7149.321818181819	5377.011848484849
190	13.1	2.25	7247.503030303031	6026.618181818181
186	13.1	0.25	7157.288484848496	1359.2452272727269
188	13.1	0.75	7146.958787878793	2280.6313636363634
187	13.1	0.5	7172.102727272728	1663.6092484848489
192	13.2	0.25	7165.215909090917	1368.9261818181817
193	13.2	0.5	7169.511363636362	1752.3716363636368
194	13.2	0.75	7179.620454545454	2178.4610303030295
195	13.2	2.0	7227.468181818182	5249.653939393939
196	13.2	2.25	7223.1762121212105	5715.1423636363625
197	13.2	2.5	7214.072727272727	6908.774242424242
199	13.3	0.5	7157.084848484848	1790.4183636363637
200	13.3	0.75	7163.534545454546	2273.3475
201	13.3	2.0	7225.191515151515	5472.458181818182
202	13.3	2.25	7282.959999999999	5975.67393939394
203	13.3	2.5	7314.054545454546	6197.170000000001
198	13.3	0.25	7141.868333333331	1430.8287272727268
208	13.4	2.25	7263.016515151515	6217.152636363635
209	13.4	2.5	7156.005454545453	7138.991393939394
207	13.4	2.0	7315.9648484848485	5419.081818181819
205	13.4	0.5	7166.254545454547	1805.0080606060603
204	13.4	0.25	7165.418181818192	1420.3592727272728
206	13.4	0.75	7139.362575757572	2311.720303030302
210	13.5	0.25	7173.736666666655	1444.1568484848478
211	13.5	0.5	7159.807121212115	1779.739393939394
212	13.5	0.75	7177.915909090908	2169.192727272727
213	13.5	2.0	7256.810909090908	5593.001212121211
214	13.5	2.25	7247.583636363637	6142.666727272728
215	13.5	2.5	7246.5036363636345	6770.488242424243
216	13.6	0.25	7154.489848484855	1440.2168181818179
217	13.6	0.5	7163.830909090903	1816.960636363636
218	13.6	0.75	7175.805000000005	2317.1219696969697
219	13.6	2.0	7215.361363636363	5352.638909090909
220	13.6	2.25	7277.106515151516	5971.608181818181
221	13.6	2.5	7292.229848484848	7084.3462272727265
226	13.7	2.25	7126.627272727272	6343.935075757575
227	13.7	2.5	7266.878181818182	6313.232727272727
225	13.7	2.0	7251.2072727272725	5601.6461969696975
223	13.7	0.5	7126.290606060612	1849.5622727272728
222	13.7	0.25	7149.296969696968	1449.9680606060604
224	13.7	0.75	7170.94	2388.5077272727276
229	13.8	0.5	7132.145454545453	1870.054545454545
230	13.8	0.75	7155.830909090912	2460.071363636363
231	13.8	2.0	7155.304999999999	5625.474242424241
232	13.8	2.25	7185.684848484847	6119.179863636363
233	13.8	2.5	7176.573636363636	6939.160575757575
228	13.8	0.25	7146.300000000009	1517.2826969696964
234	13.9	0.25	7163.924242424252	1505.4359090909086
235	13.9	0.5	7176.679545454546	1817.7706666666668
236	13.9	0.75	7170.693333333331	2320.721666666667
237	13.9	2.0	7232.97	5768.9484848484835
238	13.9	2.25	7219.943030303029	6288.81343939394
239	13.9	2.5	7171.689999999999	6522.442727272727
245	14.0	2.5	7191.3028787878775	6379.374545454544
244	14.0	2.25	7255.945454545455	6199.424636363637
243	14.0	2.0	7214.048181818181	5383.16909090909
241	14.0	0.5	7159.214393939392	1907.1327272727274
240	14.0	0.25	7141.809090909091	1563.1187878787882
242	14.0	0.75	7135.312121212118	2462.998469696969
250	14.1	2.25	7233.3587878787885	6201.23696969697
249	14.1	2.0	7327.695454545454	5553.563227272728
251	14.1	2.5	7331.726363636364	6780.593454545455
247	14.1	0.5	7126.083030303023	1897.2507272727264
246	14.1	0.25	7149.052424242429	1499.4863636363634
248	14.1	0.75	7139.081515151519	2551.9781818181814
252	14.2	0.25	7163.650000000011	1532.8483333333331
253	14.2	0.5	7131.189393939393	2002.248484848485
254	14.2	0.75	7138.8	2271.0013636363633
255	14.2	2.0	7176.5166666666655	5562.453333333333
256	14.2	2.25	7197.187878787879	6349.004303030302
257	14.2	2.5	7267.553787878787	6976.138909090909
263	14.3	2.5	7347.751515151516	7178.162393939394
262	14.3	2.25	7184.290909090909	6262.629333333333
261	14.3	2.0	7178.199999999999	5524.892757575758
259	14.3	0.5	7124.303333333333	1951.4977272727274
260	14.3	0.75	7127.859999999999	2389.7007575757575
258	14.3	0.25	7121.15303030303	1607.6760606060611
264	14.4	0.25	7129.146818181818	1570.6895454545452
265	14.4	0.5	7146.360000000003	1921.131818181818
266	14.4	0.75	7141.302727272729	2470.7440909090915
267	14.4	2.0	7170.381818181817	5506.171969696969
268	14.4	2.25	7259.500757575757	6403.646060606061
269	14.4	2.5	7314.509999999999	6910.6
271	14.5	0.5	7141.346666666661	1822.1263636363633
272	14.5	0.75	7135.956060606061	2409.6418181818185
273	14.5	2.0	7162.378181818182	5640.805595454544
274	14.5	2.25	7252.649545454546	5811.089454545454
275	14.5	2.5	7376.397272727272	7024.0545454545445
270	14.5	0.25	7145.651515151522	1604.9090909090905
280	14.6	2.25	7120.295454545453	5954.529090909091
281	14.6	2.5	7056.185454545454	6900.506060606061
278	14.6	0.75	7148.936363636362	2347.925
277	14.6	0.5	7130.174696969696	1906.339696969697
276	14.6	0.25	7136.394242424245	1573.1700000000003
279	14.6	2.0	7246.255303030303	5539.852727272726
282	14.7	0.25	7126.099696969706	1641.6204545454545
283	14.7	0.5	7135.088333333327	1914.4437878787878
284	14.7	0.75	7148.123484848485	2416.7549999999997
285	14.7	2.0	7161.216212121212	5522.087878787878
286	14.7	2.25	7332.098181818182	6063.294999999999
287	14.7	2.5	7244.459999999999	6624.781818181817
288	14.8	0.25	7121.333636363639	1654.6645454545449
289	14.8	0.5	7118.078333333328	2007.2756060606064
290	14.8	0.75	7136.950757575757	2525.2075757575763
291	14.8	2.0	7116.256363636364	5479.959272727273
292	14.8	2.25	7204.704545454545	6345.92303030303
293	14.8	2.5	7273.412424242423	6519.832424242424
299	14.9	2.5	7299.155	6834.452727272727
298	14.9	2.25	7155.132575757575	6253.9749999999985
294	14.9	0.25	7123.301515151515	1672.2704545454546
295	14.9	0.5	7120.014545454543	2033.1757575757576
296	14.9	0.75	7105.861666666664	2521.468181818182
297	14.9	2.0	7137.870454545454	5687.420909090909
300	15.0	0.25	7107.294999999988	1743.556818181818
301	15.0	0.5	7110.687878787878	1976.8651515151514
302	15.0	0.75	7136.168636363635	2348.538181818182
303	15.0	2.0	7191.233939393939	5929.321666666666
304	15.0	2.25	7228.584545454547	6500.705303030302
305	15.0	2.5	7363.756363636365	6870.458939393939
310	15.1	2.25	7138.91484848485	6100.902272727272
306	15.1	0.25	7112.6322727272845	1681.215757575757
307	15.1	0.5	7116.967272727272	1960.2545454545452
308	15.1	0.75	7110.492424242424	2509.4290909090914
309	15.1	2.0	7262.852727272727	5439.079545454545
311	15.1	2.5	7209.271515151516	6965.745454545455
317	15.2	2.5	7175.263636363637	7007.024242424242
316	15.2	2.25	7246.124999999999	6262.835757575757
315	15.2	2.0	7148.9290909090905	5245.561363636363
313	15.2	0.5	7115.112727272726	2014.1236363636365
312	15.2	0.25	7108.367272727282	1705.4399999999998
314	15.2	0.75	7069.236363636364	2519.9303030303026
323	15.3	2.5	7350.299999999999	6827.183333333333
322	15.3	2.25	7357.831363636363	6346.174242424242
321	15.3	2.0	7198.444545454546	5715.696363636363
319	15.3	0.5	7084.103787878788	2001.9348484848485
318	15.3	0.25	7106.215909090909	1703.3193939393943
320	15.3	0.75	7114.989090909093	2428.704545454545
329	15.4	2.5	7345.786212121213	7238.441515151515
328	15.4	2.25	7190.1668181818195	6579.282272727272
327	15.4	2.0	7201.2792424242425	5743.224999999999
325	15.4	0.5	7104.640000000006	2050.541212121212
324	15.4	0.25	7103.120454545455	1792.5478787878785
326	15.4	0.75	7129.25090909091	2540.922727272727
330	15.5	0.25	7093.40909090909	1762.8445454545451
331	15.5	0.5	7105.789090909093	2009.9987878787879
332	15.5	0.75	7087.299999999998	2501.422424242424
333	15.5	2.0	7233.1646969696985	5672.766666666666
334	15.5	2.25	7127.66909090909	6493.229545454545
335	15.5	2.5	7229.917575757576	7007.596363636364
341	15.6	2.5	7276.246666666664	6592.275606060606
340	15.6	2.25	7322.467727272728	6370.377272727273
339	15.6	2.0	7166.321666666667	5503.951378787879
337	15.6	0.5	7128.12121212121	2072.637424242424
336	15.6	0.25	7100.050909090914	1734.1619696969701
338	15.6	0.75	7083.831818181818	2477.9083333333333
342	15.7	0.25	7089.3606060606	1777.2727272727273
343	15.7	0.5	7109.803484848487	2007.415909090909
344	15.7	0.75	7122.30909090909	2501.704545454546
345	15.7	2.0	7281.133333333332	5260.521818181817
346	15.7	2.25	7263.829545454544	6025.302272727273
347	15.7	2.5	7296.004090909091	7074.298636363635
353	15.8	2.5	7224.250909090909	6490.740454545455
352	15.8	2.25	7356.504696969698	6088.61696969697
351	15.8	2.0	7207.82787878788	5434.146666666666
348	15.8	0.25	7098.025	1702.3369696969698
349	15.8	0.5	7092.154545454545	2019.3727272727272
350	15.8	0.75	7039.301818181818	2586.6081818181815
354	15.9	0.25	7052.3727272727265	1760.123636363636
355	15.9	0.5	7115.844848484846	1908.3054545454547
356	15.9	0.75	7108.002121212122	2444.838333333334
357	15.9	2.0	7127.3436363636365	5514.3696969696975
358	15.9	2.25	7255.770757575757	6342.4939393939385
359	15.9	2.5	7092.023636363637	7195.45090909091
365	16.0	2.5	7249.92	7245.890909090907
364	16.0	2.25	7182.513636363636	6139.343333333334
363	16.0	2.0	7168.938636363636	5758.701666666665
362	16.0	0.75	7137.768181818184	2458.8404545454546
360	16.0	0.25	7061.919090909094	1771.0190909090911
361	16.0	0.5	7091.925909090908	2062.5933333333337
366	16.1	0.25	7075.743030303026	1803.9636363636366
367	16.1	0.5	7064.820909090909	2153.568484848485
368	16.1	0.75	7084.503636363637	2519.015757575757
369	16.1	2.0	7272.245	5564.155454545453
370	16.1	2.25	7206.839696969697	6685.986818181817
371	16.1	2.5	7211.359545454545	6855.508333333333
374	16.2	0.75	7084.827272727272	2490.2727272727275
376	16.2	2.25	7073.826666666666	6480.4496969696975
377	16.2	2.5	7202.118181818181	6962.495757575757
375	16.2	2.0	7186.540909090908	6183.4766666666665
372	16.2	0.25	7070.385454545457	1820.9099999999999
373	16.2	0.5	7065.4446969697	2070.328787878788
378	16.3	0.25	7057.30181818182	1775.7599999999993
379	16.3	0.5	7065.6349999999975	2142.8739393939395
380	16.3	0.75	7077.4463636363635	2605.9939393939385
381	16.3	2.0	7196.509090909091	5697.07803030303
382	16.3	2.25	7153.069393939395	6045.017272727272
383	16.3	2.5	7323.113636363635	6726.137318181817
389	16.4	2.5	7219.919999999999	7085.80606060606
388	16.4	2.25	7183.479696969696	6319.35
386	16.4	0.75	7056.818181818182	2621.0048484848485
385	16.4	0.5	7066.045303030304	2098.4501515151514
384	16.4	0.25	7055.895000000007	1871.787272727273
387	16.4	2.0	7210.960757575757	5367.837878787878
390	16.5	0.25	7053.88090909091	1840.567575757576
391	16.5	0.5	7009.272727272727	2202.179090909091
392	16.5	0.75	7045.616212121212	2724.12
393	16.5	2.0	7339.1563636363635	5625.381818181819
394	16.5	2.25	7209.433636363636	6410.940151515151
395	16.5	2.5	7230.218181818181	7375.704242424242
401	16.6	2.5	7074.375757575757	7389.972727272727
400	16.6	2.25	7097.6016666666665	6269.839999999999
396	16.6	0.25	7061.300454545451	1805.068939393939
398	16.6	0.75	6998.742727272727	2648.967878787879
397	16.6	0.5	7047.704242424243	2139.4690909090905
399	16.6	2.0	7252.123484848485	5744.115151515152
402	16.7	0.25	7039.844848484849	1859.030303030303
403	16.7	0.5	7019.037878787878	2218.5609090909093
404	16.7	0.75	7077.958787878787	2523.0554545454547
405	16.7	2.0	7129.945757575757	6029.107272727273
406	16.7	2.25	7138.341666666666	6681.676363636362
407	16.7	2.5	7131.089999999999	7297.442727272727
413	16.8	2.5	7147.347727272728	6867.6412121212115
412	16.8	2.25	7191.289090909091	6634.737878787878
411	16.8	2.0	7153.418787878789	5369.223333333333
409	16.8	0.5	7029.230303030303	2159.272727272727
408	16.8	0.25	7044.505909090908	1880.8799999999999
410	16.8	0.75	7045.49818181818	2604.315606060606
414	16.9	0.25	7027.647727272727	1930.5193939393941
415	16.9	0.5	7025.311212121211	2102.7119696969694
416	16.9	0.75	7071.951515151516	2518.9266666666667
417	16.9	2.0	6987.99909090909	5803.831515151515
418	16.9	2.25	7222.994242424242	6314.31818181818
419	16.9	2.5	7281.179696969696	6924.1584848484845
425	17.0	2.5	7177.008484848485	7351.966515151515
424	17.0	2.25	7101.8099999999995	6585.345454545453
420	17.0	0.25	7029.438787878778	1932.690000000001
422	17.0	0.75	7026.434242424242	2558.169393939394
421	17.0	0.5	7066.318181818183	2105.376212121212
423	17.0	2.0	7143.863636363635	5986.5886363636355
426	17.1	0.25	7037.181818181825	1896.206818181818
427	17.1	0.5	7029.445606060603	2140.46696969697
428	17.1	0.75	7029.028636363637	2537.9745454545455
429	17.1	2.0	7263.613636363635	5506.114545454546
430	17.1	2.25	7088.619999999999	6371.654545454545
431	17.1	2.5	7133.354545454546	7061.911363636364
437	17.2	2.5	7073.138333333332	6950.683636363637
436	17.2	2.25	7193.507878787878	6257.301515151514
435	17.2	2.0	7208.927272727273	5488.2439393939385
432	17.2	0.25	7027.880000000006	1883.1530303030302
433	17.2	0.5	7020.2540909090885	2204.7727272727275
434	17.2	0.75	7027.666666666667	2643.1918181818182
438	17.3	0.25	7008.808030303026	1931.7872727272731
439	17.3	0.5	7056.096515151509	2108.0022727272726
440	17.3	0.75	7040.558484848485	2564.13
441	17.3	2.0	7140.668181818181	5962.327878787879
442	17.3	2.25	7219.835909090909	5998.356969696969
443	17.3	2.5	7230.829090909091	7277.00106060606
449	17.4	2.5	7096.639696969697	7241.194545454545
448	17.4	2.25	7252.022272727273	6373.779545454546
444	17.4	0.25	7012.731818181818	1917.4272727272726
446	17.4	0.75	7051.09772727273	2530.3963636363633
445	17.4	0.5	6988.182727272725	2206.0121212121217
447	17.4	2.0	7076.4830303030285	5601.759999999999
450	17.5	0.25	7017.921212121203	1938.1527272727276
451	17.5	0.5	7011.40045454545	2155.1439393939395
452	17.5	0.75	7072.490454545455	2609.399545454546
453	17.5	2.0	7251.844090909092	5687.488636363635
454	17.5	2.25	6986.488636363637	6370.682727272728
455	17.5	2.5	7242.850909090907	6866.590909090909
461	17.6	2.5	7208.3033333333315	6864.945454545455
460	17.6	2.25	7371.381818181819	6453.6369696969705
456	17.6	0.25	7021.479999999997	1891.907727272728
458	17.6	0.75	7005.181818181818	2487.6815151515148
457	17.6	0.5	6984.4169696969675	2359.64696969697
459	17.6	2.0	7052.27196969697	5428.271818181818
466	17.7	2.25	7288.638181818182	6252.166666666666
465	17.7	2.0	7069.459090909091	5664.241212121211
467	17.7	2.5	7411.2	6953.15909090909
463	17.7	0.5	6977.540909090909	2197.09909090909
462	17.7	0.25	6993.645454545454	1995.0351515151517
464	17.7	0.75	7045.598181818182	2611.6225757575758
468	17.8	0.25	6986.012727272719	2017.0036363636355
469	17.8	0.5	7018.0034848484875	2147.5660606060605
470	17.8	0.75	7073.499999999999	2499.1480303030303
471	17.8	2.0	7181.575757575757	5688.644090909092
472	17.8	2.25	7487.861212121211	6246.943181818182
473	17.8	2.5	7229.965	7085.548636363636
479	17.9	2.5	7368.914545454545	7307.061818181818
478	17.9	2.25	7157.999545454545	6452.247272727272
476	17.9	0.75	7044.965909090909	2503.7233333333334
475	17.9	0.5	7000.133636363635	2132.521212121212
474	17.9	0.25	6990.330303030301	1974.1787878787877
477	17.9	2.0	7123.80696969697	5722.049999999999
480	18.0	0.25	6973.219696969695	1999.0809090909097
481	18.0	0.5	7001.240454545457	2228.598484848485
482	18.0	0.75	6987.166666666665	2734.3309090909083
483	18.0	2.0	7186.100606060606	5741.819090909092
484	18.0	2.25	7286.188636363636	6381.076363636364
485	18.0	2.5	7114.521515151515	6854.660181818182
487	18.1	0.5	6985.393181818181	2305.8342424242423
486	18.1	0.25	6989.351515151521	1960.394545454545
489	18.1	2.0	7039.69	6052.8
490	18.1	2.25	7237.35909090909	6130.492727272726
491	18.1	2.5	7226.521818181817	6801.568484848483
488	18.1	0.75	7008.769090909089	2840.2566666666667
496	18.2	2.25	7099.637878787878	6455.9939393939385
495	18.2	2.0	7197.294242424242	5447.460606060605
497	18.2	2.5	7191.852727272726	7053.02106060606
493	18.2	0.5	6988.98681818182	2178.5203030303037
492	18.2	0.25	6987.643939393935	1959.5296969696972
494	18.2	0.75	7057.05	2610.16
498	18.3	0.25	6964.108181818181	2062.575
499	18.3	0.5	6961.32515151515	2317.6113636363634
500	18.3	0.75	6979.817575757576	2581.550909090909
501	18.3	2.0	7035.21818181818	5553.763636363636
502	18.3	2.25	7270.91393939394	5915.425
503	18.3	2.5	7122.359090909091	7593.381818181818
509	18.4	2.5	7148.249999999999	6823.345454545454
508	18.4	2.25	7216.403333333333	6311.851515151515
506	18.4	0.75	6991.32	2723.3157575757577
505	18.4	0.5	6928.115909090909	2381.260303030303
507	18.4	2.0	7051.86	5786.103030303031
504	18.4	0.25	6949.32454545455	2050.4166666666665
510	18.5	0.25	6928.608484848494	2097.5436363636354
511	18.5	0.5	6931.7499999999945	2373.5912121212123
512	18.5	0.75	6991.861515151516	2767.5712121212123
513	18.5	2.0	7037.265454545454	5657.2136363636355
514	18.5	2.25	7048.733333333334	6759.442878787879
515	18.5	2.5	7017.141666666665	7102.214848484848
516	18.6	0.25	6943.783636363629	2069.1575757575765
517	18.6	0.5	6942.407272727269	2336.8418181818183
518	18.6	0.75	6967.466666666664	2706.7083333333326
519	18.6	2.0	7010.41909090909	6156.397272727273
520	18.6	2.25	7386.7009090909105	6271.350909090909
521	18.6	2.5	7177.604848484848	7062.136363636364
527	18.7	2.5	7380.211363636363	6981.283333333332
526	18.7	2.25	7244.048787878788	6662.750303030303
524	18.7	0.75	6964.659999999999	2723.7575757575755
523	18.7	0.5	6943.277575757579	2213.1472727272726
525	18.7	2.0	7062.987272727273	6000.785454545455
522	18.7	0.25	6938.204848484845	2086.2204545454547
528	18.8	0.25	6922.3090909090915	2105.754545454546
529	18.8	0.5	6988.907727272725	2237.1333333333337
530	18.8	0.75	6963.6950000000015	2688.6112121212122
531	18.8	2.0	7106.704848484848	5692.913333333332
532	18.8	2.25	7185.425454545454	6484.460454545453
533	18.8	2.5	7390.027272727271	7093.272878787879
534	18.9	0.25	6942.016363636365	2026.8218181818183
535	18.9	0.5	6958.741363636364	2409.836818181818
536	18.9	0.75	6936.778636363634	2706.668181818182
537	18.9	2.0	7175.805	5808.192727272726
538	18.9	2.25	7311.833333333333	6467.2804545454555
539	18.9	2.5	7108.147878787878	7028.350454545455
544	19.0	2.25	7204.354393939394	6438.227272727273
545	19.0	2.5	7190.8890909090915	6728.1191666666655
542	19.0	0.75	6933.913787878788	2766.675757575757
541	19.0	0.5	6929.5149999999985	2359.5462121212117
543	19.0	2.0	7114.373333333332	6085.449090909091
540	19.0	0.25	6962.030303030302	2030.2915151515158
546	19.1	0.25	6933.681363636367	2105.5436363636354
547	19.1	0.5	6953.199696969699	2246.5145454545454
548	19.1	0.75	6967.4349999999995	2713.30303030303
549	19.1	2.0	7158.875454545454	5507.4
550	19.1	2.25	7171.858181818182	6552.783636363636
551	19.1	2.5	7364.65909090909	7018.8159090909085
557	19.2	2.5	7276.205454545454	6749.3045454545445
556	19.2	2.25	7169.062121212121	6442.4290909090905
555	19.2	2.0	7106.3381818181815	5593.989090909091
554	19.2	0.75	6907.051363636365	2808.255909090909
553	19.2	0.5	6920.060606060606	2415.3166666666666
552	19.2	0.25	6921.2363636363625	2059.828484848484
558	19.3	0.25	6913.281818181817	2112.1434848484837
559	19.3	0.5	6965.387878787878	2279.809090909091
560	19.3	0.75	6921.499999999998	2867.681818181818
561	19.3	2.0	6941.556818181817	5870.1172727272715
562	19.3	2.25	7285.556666666667	6007.374545454544
563	19.3	2.5	7109.9345454545455	7684.925757575757
569	19.4	2.5	7228.272727272727	6713.0015151515145
568	19.4	2.25	7005.755757575757	6521.459999999998
564	19.4	0.25	6933.808636363635	1984.7327272727262
566	19.4	0.75	6979.779545454546	2690.9315151515143
567	19.4	2.0	7051.176363636362	5859.0
565	19.4	0.5	6948.22015151515	2357.1818181818185
575	19.5	2.5	7034.348484848484	7007.976818181817
574	19.5	2.25	7332.477272727271	6713.847272727272
572	19.5	0.75	6908.351666666664	2841.2031818181817
571	19.5	0.5	6983.363636363638	2195.7969696969694
573	19.5	2.0	7082.406818181818	5750.76
570	19.5	0.25	6896.335909090904	2122.8999999999996
576	19.6	0.25	6874.686969696974	2165.627878787878
577	19.6	0.5	6977.57090909091	2301.387121212121
578	19.6	0.75	6931.323636363636	2835.5916666666667
579	19.6	2.0	7324.924848484848	5974.607272727274
580	19.6	2.25	7216.4800000000005	6504.971666666666
581	19.6	2.5	7323.4	7133.703181818182
587	19.7	2.5	7217.009999999998	7198.922878787878
586	19.7	2.25	6862.921212121211	6718.246363636364
585	19.7	2.0	7026.185606060606	5888.412727272726
583	19.7	0.5	6884.343787878789	2454.888333333333
582	19.7	0.25	6918.963939393936	2066.6972727272732
584	19.7	0.75	6978.2249999999985	2651.261363636364
589	19.8	0.5	6945.709090909091	2267.6727272727267
590	19.8	0.75	6968.567878787878	2706.552878787879
591	19.8	2.0	7189.670303030302	5463.092424242424
592	19.8	2.25	7195.322727272725	6405.84
593	19.8	2.5	7260.368484848485	7306.791212121211
588	19.8	0.25	6881.956363636365	2164.206666666667
594	19.9	0.25	6876.090454545454	2151.732727272728
595	19.9	0.5	6901.78909090909	2337.269090909091
596	19.9	0.75	6881.093333333333	2948.8709090909097
597	19.9	2.0	7080.5027272727275	5870.578636363635
598	19.9	2.25	7120.379393939393	6383.171212121212
599	19.9	2.5	7283.219393939394	7246.501363636364
602	20.0	0.75	6935.401515151514	2835.3872727272724
601	20.0	0.5	6851.5481818181825	2552.0351515151515
603	20.0	2.0	7145.393030303031	5951.200757575756
604	20.0	2.25	7215.595454545453	6436.341818181818
605	20.0	2.5	7297.112272727273	6884.226818181818
600	20.0	0.25	6905.261212121216	2100.0150000000003
606	20.1	0.25	6884.166666666665	2157.2800000000007
607	20.1	0.5	6906.847727272727	2308.6436363636362
608	20.1	0.75	6925.619696969696	2744.8278787878785
609	20.1	2.0	7136.858333333332	5789.818181818182
610	20.1	2.25	7024.677575757575	6851.767272727273
611	20.1	2.5	6966.0654545454545	7058.424242424243
619	20.2	2.25	7193.136363636363	6578.362424242424
618	20.2	2.0	7201.890909090907	5719.063636363636
617	20.2	1.5	7037.715151515151	4640.2889393939395
620	20.2	2.5	7190.2300000000005	7263.076363636363
615	20.2	1.0	6909.096666666665	3413.6463636363633
614	20.2	0.75	6929.119393939393	2719.059545454545
613	20.2	0.5	6914.729545454544	2366.8281818181817
612	20.2	0.25	6893.325757575757	2118.3962121212116
616	20.2	1.25	6877.978333333333	4171.483636363637
629	20.3	2.5	7110.279545454544	7244.373181818183
628	20.3	2.25	7170.001515151515	6529.541666666668
626	20.3	1.5	6982.302727272727	4304.477272727273
627	20.3	2.0	7015.469090909091	6048.997575757575
624	20.3	1.0	6925.985303030302	3252.9600000000005
623	20.3	0.75	6890.169999999999	2876.961818181818
622	20.3	0.5	6848.9909090909105	2512.802272727272
621	20.3	0.25	6889.4021212121215	2142.255303030303
625	20.3	1.25	7029.482272727272	3866.6642424242423
630	20.4	0.25	6897.166818181818	2139.053333333333
631	20.4	0.5	6872.402272727271	2451.37
632	20.4	0.75	6899.499090909091	2790.7084848484847
633	20.4	1.0	6996.962424242424	3265.7121212121215
634	20.4	1.25	6883.160909090909	3756.399090909091
635	20.4	1.5	6999.552272727273	4679.663636363635
636	20.4	2.0	7287.934999999999	5719.625454545456
638	20.4	2.5	7300.325454545454	7385.881969696969
637	20.4	2.25	7230.704090909091	6434.200303030302
640	20.5	0.5	6901.868181818182	2341.457121212121
641	20.5	0.75	6896.2472727272725	2886.9430303030304
642	20.5	1.0	6930.533333333332	3182.7959090909094
643	20.5	1.25	7048.034545454545	3935.945454545455
644	20.5	1.5	7012.16	4395.733484848485
645	20.5	2.0	7139.3890909090915	5484.45393939394
646	20.5	2.25	7266.060606060606	6348.701515151514
647	20.5	2.5	7307.703636363635	6982.726363636363
639	20.5	0.25	6880.619999999997	2168.103333333333
656	20.6	2.5	7110.194545454545	6769.54909090909
655	20.6	2.25	7066.427272727273	6719.70090909091
654	20.6	2.0	7105.752727272727	6198.395454545454
653	20.6	1.5	7048.451212121211	4328.291212121212
650	20.6	0.75	6896.681818181817	2908.7757575757573
651	20.6	1.0	6886.191666666666	3572.6303030303025
649	20.6	0.5	6818.42909090909	2487.890151515151
648	20.6	0.25	6893.913939393939	2124.7036363636366
652	20.6	1.25	6920.076666666666	3995.192727272726
663	20.7	2.0	6898.286060606059	6069.691666666667
665	20.7	2.5	7311.105909090908	6927.975757575758
664	20.7	2.25	7069.340909090908	6626.575454545455
662	20.7	1.5	6939.217575757575	4419.51515151515
657	20.7	0.25	6860.36727272727	2206.0499999999993
660	20.7	1.0	6973.0393939393925	3295.5116666666668
659	20.7	0.75	6966.200000000001	2699.6099999999997
658	20.7	0.5	6847.439090909094	2513.727272727273
661	20.7	1.25	6995.113636363636	3853.01
666	20.8	0.25	6828.524242424245	2265.1418181818176
667	20.8	0.5	6914.733939393939	2290.5006060606056
668	20.8	0.75	6885.128181818181	2820.7636363636357
669	20.8	1.0	6869.229545454546	3369.7175757575756
670	20.8	1.25	6979.3499999999985	3832.052121212121
671	20.8	1.5	6853.042424242423	4771.110909090909
672	20.8	2.0	7167.63409090909	5884.713636363636
673	20.8	2.25	6976.309696969696	6472.7
674	20.8	2.5	6901.743333333334	7545.369545454544
679	20.9	1.25	6884.422575757575	4111.714696969697
683	20.9	2.5	7257.2569696969695	7156.686818181818
675	20.9	0.25	6853.409999999994	2205.874545454546
676	20.9	0.5	6811.379090909092	2488.8639393939393
677	20.9	0.75	6968.290909090908	2661.012878787879
678	20.9	1.0	6879.93818181818	3437.1822727272724
680	20.9	1.5	6836.581818181818	4440.587878787879
681	20.9	2.0	7014.111818181819	6051.318181818182
682	20.9	2.25	7126.533333333334	6351.897272727272
690	21.0	2.0	6988.221060606061	5712.525
689	21.0	1.5	7131.515151515152	4338.230303030303
688	21.0	1.25	6898.1971212121225	3976.2154545454546
687	21.0	1.0	6780.368181818183	3473.9053030303035
685	21.0	0.5	6833.415151515149	2431.56
684	21.0	0.25	6864.984848484848	2171.206363636364
691	21.0	2.25	7188.200757575758	6511.903787878788
686	21.0	0.75	6879.222272727272	2780.116818181818
692	21.0	2.5	7305.14196969697	6954.328181818183
700	21.1	2.25	7418.943636363636	6591.212727272727
699	21.1	2.0	7236.326060606061	6057.730909090909
698	21.1	1.5	7002.002878787879	4614.141666666667
701	21.1	2.5	7487.199999999998	7124.424242424242
697	21.1	1.25	7000.393333333334	4027.888333333333
694	21.1	0.5	6845.062878787879	2455.312878787878
695	21.1	0.75	6903.41393939394	2822.0330303030305
693	21.1	0.25	6858.0006060606065	2169.434090909091
696	21.1	1.0	6928.912727272727	3075.55303030303
710	21.2	2.5	7258.994848484847	7042.254545454545
709	21.2	2.25	7065.738484848484	6801.839393939394
708	21.2	2.0	7290.346212121212	5648.6996969696975
707	21.2	1.5	6858.366666666665	4621.267575757575
706	21.2	1.25	6826.344696969697	4203.315757575757
704	21.2	0.75	6924.097727272727	2769.0890909090913
703	21.2	0.5	6881.167272727272	2399.43409090909
702	21.2	0.25	6884.380606060607	2138.249848484849
705	21.2	1.0	6941.546666666666	3213.6181818181817
716	21.3	1.5	6708.998181818181	4667.833333333332
719	21.3	2.5	7124.174242424241	7073.495757575758
718	21.3	2.25	7167.286363636363	6324.284545454545
717	21.3	2.0	7069.878636363636	6107.719999999999
715	21.3	1.25	6923.72090909091	3915.3333333333335
712	21.3	0.5	6832.209999999997	2445.141212121212
713	21.3	0.75	6837.281212121211	2836.8272727272724
711	21.3	0.25	6843.8731818181805	2192.824242424242
714	21.3	1.0	6867.733333333333	3485.6363636363635
728	21.4	2.5	7112.9236363636355	7102.579090909089
725	21.4	1.5	7029.337272727273	4506.078181818181
727	21.4	2.25	7284.674242424242	6329.198181818182
726	21.4	2.0	7240.09606060606	5600.393939393939
724	21.4	1.25	6898.2969696969685	4178.731212121212
721	21.4	0.5	6837.869696969694	2484.0709090909095
722	21.4	0.75	6811.240909090909	2916.602424242424
723	21.4	1.0	6881.084090909092	3425.9545454545455
720	21.4	0.25	6800.493333333335	2285.133333333334
736	21.5	2.25	7088.877272727272	6893.892727272727
735	21.5	2.0	6916.592727272728	5935.23
734	21.5	1.5	7082.586363636364	4171.021818181818
733	21.5	1.25	6962.491666666666	3912.3196969696974
737	21.5	2.5	6937.047272727273	7303.469999999998
731	21.5	0.75	6828.607272727271	3042.543636363637
730	21.5	0.5	6864.41803030303	2347.9916666666663
729	21.5	0.25	6842.6084848484825	2224.083333333333
732	21.5	1.0	6898.649999999999	3195.7745454545457
746	21.6	2.5	7039.101818181818	6978.498484848484
745	21.6	2.25	7312.6442424242405	6287.001363636364
744	21.6	2.0	6932.75015151515	5964.084848484848
743	21.6	1.5	6841.802272727272	4505.519696969697
742	21.6	1.25	6890.645757575758	3951.137575757575
741	21.6	1.0	6981.24318181818	3210.876818181818
739	21.6	0.5	6800.6845454545455	2545.556060606061
738	21.6	0.25	6798.89590909091	2259.4486363636365
740	21.6	0.75	6843.912878787878	2809.483030303031
755	21.7	2.5	7110.4896969696965	7462.0
753	21.7	2.0	7039.154545454545	5960.679545454545
754	21.7	2.25	7187.086666666666	6238.965909090908
751	21.7	1.25	6855.459393939393	3841.7999999999997
752	21.7	1.5	6842.607272727272	4758.0654545454545
749	21.7	0.75	6841.620757575757	2775.7090909090907
748	21.7	0.5	6832.625454545458	2457.45
747	21.7	0.25	6801.6242424242355	2284.0763636363627
750	21.7	1.0	6861.5813636363655	3334.5696969696974
764	21.8	2.5	7475.481363636363	7086.793939393939
763	21.8	2.25	6949.270454545454	6687.977272727272
762	21.8	2.0	7053.801818181818	5970.521818181819
761	21.8	1.5	6854.855909090909	4735.773181818181
760	21.8	1.25	6879.969696969695	3970.7754545454545
759	21.8	1.0	6838.945454545454	3339.9442424242425
757	21.8	0.5	6868.790303030302	2401.261515151515
756	21.8	0.25	6807.4253030303025	2233.237727272726
758	21.8	0.75	6896.482272727272	2578.8713636363636
771	21.9	2.0	7002.71	6263.565
773	21.9	2.5	7313.506666666665	6901.556515151515
772	21.9	2.25	6941.110303030302	6503.6
770	21.9	1.5	6900.926666666666	4521.825
769	21.9	1.25	6924.800909090909	3766.5806060606055
767	21.9	0.75	6819.829393939394	2930.9842424242424
766	21.9	0.5	6780.237575757578	2544.366666666666
765	21.9	0.25	6824.814545454544	2163.8399999999997
768	21.9	1.0	6826.081818181817	3456.0021212121205
781	22.0	2.25	7065.882575757574	6288.9745454545455
782	22.0	2.5	7094.2363636363625	7613.072727272727
780	22.0	2.0	7239.3490909090915	5562.949090909091
778	22.0	1.25	6935.833333333333	3718.0593939393934
779	22.0	1.5	6924.8836363636365	4697.291666666667
776	22.0	0.75	6792.960606060606	2982.257121212121
775	22.0	0.5	6793.950757575757	2493.8818181818183
774	22.0	0.25	6771.52	2283.0945454545445
777	22.0	1.0	6824.912727272728	3483.6398484848482
789	22.1	2.0	7213.458636363635	5629.51090909091
791	22.1	2.5	7273.854545454545	7262.352575757574
783	22.1	0.25	6781.738484848488	2247.34
784	22.1	0.5	6853.954545454545	2347.2872727272725
785	22.1	0.75	6780.41393939394	2846.581818181818
786	22.1	1.0	6800.908333333332	3406.8993939393936
787	22.1	1.25	6948.344242424243	3793.013939393939
788	22.1	1.5	6878.247878787879	4532.908333333333
790	22.1	2.25	7283.398181818182	6960.936363636363
799	22.2	2.25	7402.779999999999	6559.321212121213
800	22.2	2.5	7297.414090909091	7347.2
797	22.2	1.5	7088.159545454545	4402.547272727273
796	22.2	1.25	6819.035454545454	4002.0527272727268
798	22.2	2.0	7052.450757575757	5753.631818181818
794	22.2	0.75	6881.729696969696	2834.9263636363635
793	22.2	0.5	6789.834545454548	2470.4962121212116
795	22.2	1.0	6712.884545454545	3408.060303030303
792	22.2	0.25	6762.687272727272	2274.630909090909
809	22.3	2.5	7299.943181818181	7194.792121212122
808	22.3	2.25	7071.231818181818	6215.230151515151
807	22.3	2.0	6994.988636363635	5460.9454545454555
806	22.3	1.5	6896.487272727273	4248.4
805	22.3	1.25	6893.072727272726	3936.639545454546
804	22.3	1.0	6755.069090909092	3461.3330303030302
803	22.3	0.75	6817.221818181818	2959.4399999999996
802	22.3	0.5	6784.5868181818205	2531.1918181818182
801	22.3	0.25	6750.006666666659	2277.2054545454557
817	22.4	2.25	7025.020757575758	6687.614090909092
816	22.4	2.0	7308.928484848483	5793.75
818	22.4	2.5	7052.163636363635	7010.940303030302
815	22.4	1.5	6959.285454545455	4266.817878787878
814	22.4	1.25	6954.043636363636	4037.6842424242423
811	22.4	0.5	6777.4636363636355	2456.646363636364
812	22.4	0.75	6800.933333333333	2839.715909090909
810	22.4	0.25	6784.129545454552	2210.6765151515146
813	22.4	1.0	6869.299999999999	3259.2000000000003
826	22.5	2.25	7268.722272727273	6093.780606060605
819	22.5	0.25	6750.738484848482	2343.272727272727
820	22.5	0.5	6765.044848484847	2470.584545454545
821	22.5	0.75	6747.4518181818175	3110.7910606060605
822	22.5	1.0	6774.273939393939	3338.9348484848483
823	22.5	1.25	6919.036818181818	3919.32
824	22.5	1.5	6876.102878787878	4499.865454545454
825	22.5	2.0	7026.978181818183	5598.96212121212
827	22.5	2.5	7325.499999999999	7117.381818181818
835	22.6	2.25	7346.704545454545	6675.333333333334
836	22.6	2.5	7077.971212121212	7151.336363636363
834	22.6	2.0	7152.913939393939	5795.702727272727
833	22.6	1.5	6929.300606060607	4426.073939393939
829	22.6	0.5	6809.727272727272	2433.5175757575767
831	22.6	1.0	6753.89	3413.475
828	22.6	0.25	6766.140000000003	2248.1550000000007
832	22.6	1.25	6883.350909090908	3865.7600000000007
830	22.6	0.75	6778.140606060606	2834.443636363636
837	22.7	0.25	6779.087272727273	2198.443636363635
838	22.7	0.5	6767.487575757576	2477.156363636363
839	22.7	0.75	6793.740000000002	2850.220606060606
840	22.7	1.0	6796.639999999999	3337.7139393939387
842	22.7	1.5	6823.430303030302	4725.4518181818175
843	22.7	2.0	6907.878333333333	6092.316363636364
844	22.7	2.25	7365.086212121212	6396.054545454545
845	22.7	2.5	7407.333333333334	7304.136363636364
841	22.7	1.25	6911.7818181818175	3871.3565151515154
854	22.8	2.5	7277.752272727273	6784.872727272726
851	22.8	1.5	7095.301363636363	4290.055
853	22.8	2.25	7133.556363636364	6319.041969696969
852	22.8	2.0	7047.195	5926.348484848486
849	22.8	1.0	6817.709090909091	3232.0696969696965
848	22.8	0.75	6762.318181818182	2848.2178787878784
847	22.8	0.5	6703.378484848485	2533.516666666667
846	22.8	0.25	6758.973636363633	2267.6542424242407
850	22.8	1.25	6879.964393939393	3756.432121212121
855	22.9	0.25	6733.811363636361	2284.0463636363625
856	22.9	0.5	6804.054545454544	2437.6545454545453
857	22.9	0.75	6796.3474242424245	2817.042121212121
858	22.9	1.0	6966.788636363636	3363.7807575757574
859	22.9	1.25	7045.323636363637	3659.4218181818183
860	22.9	1.5	7045.119393939394	4309.732575757576
861	22.9	2.0	6909.226212121212	6074.818939393939
862	22.9	2.25	7037.103333333332	6324.579545454545
863	22.9	2.5	7247.4800000000005	7078.593939393939
864	23.0	0.25	6735.999848484849	2249.8795454545457
865	23.0	0.5	6785.45484848485	2409.1295454545457
866	23.0	0.75	6718.069696969696	2940.938333333333
867	23.0	1.0	6837.15	3349.999999999999
868	23.0	1.25	6729.410909090909	4059.372727272727
869	23.0	1.5	7020.330909090909	4469.282727272727
870	23.0	2.0	6918.416818181818	5822.877272727272
871	23.0	2.25	7120.625151515151	6662.758787878787
872	23.0	2.5	7101.883333333333	7217.00909090909
881	23.1	2.5	7078.875	6732.605
879	23.1	2.0	7048.308333333332	5476.233333333332
878	23.1	1.5	6912.863181818181	4491.3
877	23.1	1.25	6851.445151515151	3979.4331818181813
880	23.1	2.25	6975.681818181818	6224.911363636363
875	23.1	0.75	6763.696363636363	2863.868636363636
874	23.1	0.5	6759.284848484847	2432.987272727272
873	23.1	0.25	6737.450909090905	2248.7287878787874
876	23.1	1.0	6898.937878787879	3196.2954545454545
890	23.2	2.5	7196.284242424243	6754.683181818182
889	23.2	2.25	7205.71893939394	6118.26409090909
888	23.2	2.0	7021.386666666667	5796.902575757575
887	23.2	1.5	6970.775	4341.866666666666
886	23.2	1.25	6788.445000000001	3889.318181818181
884	23.2	0.75	6751.913333333333	2814.248787878788
883	23.2	0.5	6723.738484848486	2555.738636363636
882	23.2	0.25	6714.065909090908	2321.944545454546
885	23.2	1.0	6777.776515151516	3364.0600000000004
897	23.3	2.0	6899.40696969697	5655.763636363636
899	23.3	2.5	7139.210909090908	6854.35303030303
898	23.3	2.25	7146.829090909091	6131.127272727273
896	23.3	1.5	6979.570606060606	4712.463636363636
894	23.3	1.0	6769.02318181818	3354.0272727272727
893	23.3	0.75	6730.616666666665	2960.5640909090903
892	23.3	0.5	6748.048787878788	2457.7613636363635
891	23.3	0.25	6749.218181818184	2231.0696969696965
895	23.3	1.25	6845.754545454544	3967.9096969696975
908	23.4	2.5	7168.124242424243	7009.651515151514
907	23.4	2.25	7017.983030303031	6406.7072727272725
906	23.4	2.0	7042.254545454545	6057.110909090909
905	23.4	1.5	6817.031666666667	4241.249999999999
904	23.4	1.25	6936.499696969698	3774.4260606060607
903	23.4	1.0	6698.206666666666	3438.8999999999996
902	23.4	0.75	6760.318636363637	2872.555909090909
901	23.4	0.5	6760.307272727272	2477.6439393939395
900	23.4	0.25	6699.560000000001	2339.284090909092
917	23.5	2.5	7430.079545454545	6447.999999999999
916	23.5	2.25	6940.422727272727	6059.2439393939385
915	23.5	2.0	6973.760606060605	5659.413333333333
914	23.5	1.5	6840.310909090907	4726.67893939394
912	23.5	1.0	6819.669545454545	3310.313333333333
911	23.5	0.75	6716.309090909091	2888.2922727272726
910	23.5	0.5	6752.838030303032	2430.1690909090917
909	23.5	0.25	6702.443939393937	2265.8745454545437
913	23.5	1.25	6829.16	3707.652272727273
926	23.6	2.5	7254.1260606060605	6540.013636363636
925	23.6	2.25	7138.210454545455	6041.145
924	23.6	2.0	7070.676363636364	5727.604545454546
923	23.6	1.5	6835.108484848484	4457.30303030303
921	23.6	1.0	6766.077272727273	3409.196969696969
920	23.6	0.75	6693.950454545453	2942.5568181818176
918	23.6	0.25	6720.159999999999	2296.6790909090905
922	23.6	1.25	6837.839393939394	3816.2424242424245
919	23.6	0.5	6722.844848484848	2559.255454545455
927	23.7	0.25	6694.494696969697	2334.5930303030304
928	23.7	0.5	6773.206969696969	2440.9272727272737
929	23.7	0.75	6806.925454545455	2688.6163636363635
930	23.7	1.0	6908.833636363636	3152.6821212121204
932	23.7	1.5	6910.179545454544	4484.522727272727
933	23.7	2.0	6802.698181818181	5483.381818181819
934	23.7	2.25	6967.111666666667	6131.184848484848
935	23.7	2.5	7367.318181818181	6753.003787878787
931	23.7	1.25	6978.229545454544	3576.834090909091
944	23.8	2.5	7236.111212121212	7117.071212121211
941	23.8	1.5	6940.1849999999995	4318.787878787878
943	23.8	2.25	7288.203787878788	6452.522727272727
942	23.8	2.0	6905.333333333333	5780.72909090909
940	23.8	1.25	6743.164999999999	4073.4363636363632
938	23.8	0.75	6791.7704545454535	2774.5327272727272
937	23.8	0.5	6715.545151515152	2551.5422727272717
936	23.8	0.25	6694.253333333331	2374.347575757578
939	23.8	1.0	6786.742424242423	3266.3481818181813
953	23.9	2.5	7096.500454545454	6935.108181818182
952	23.9	2.25	7024.541666666666	6130.036363636364
951	23.9	2.0	7039.401515151516	5750.958181818182
950	23.9	1.5	6955.934090909091	4418.684848484848
949	23.9	1.25	6815.910151515152	3743.828181818182
947	23.9	0.75	6683.120000000001	2912.9640909090913
946	23.9	0.5	6723.513787878786	2469.152727272727
945	23.9	0.25	6689.2181818181825	2358.5304545454565
948	23.9	1.0	6826.191515151513	3329.4545454545464
959	24.0	1.5	6835.889393939395	4606.085454545453
961	24.0	2.25	7012.00303030303	6373.579545454544
960	24.0	2.0	6911.645	5821.138636363636
958	24.0	1.25	6992.735454545455	3640.873939393939
962	24.0	2.5	7244.7666666666655	7147.320303030303
956	24.0	0.75	6739.365454545452	2796.478787878788
955	24.0	0.5	6697.65818181818	2558.020909090908
954	24.0	0.25	6715.958181818183	2308.2666666666664
957	24.0	1.0	6719.5990909090915	3436.642727272728
971	24.1	2.5	7066.457727272727	6726.8036363636365
970	24.1	2.25	7091.097121212121	6134.7818181818175
969	24.1	2.0	7066.094545454545	5818.618181818181
968	24.1	1.5	6887.8436363636365	4398.818181818181
967	24.1	1.25	6911.402727272726	3735.4172727272726
965	24.1	0.75	6724.923333333334	2816.996212121212
964	24.1	0.5	6654.03409090909	2656.6909090909094
963	24.1	0.25	6698.157575757575	2320.1472727272703
966	24.1	1.0	6708.768181818182	3369.5175757575753
979	24.2	2.25	7262.413636363635	6425.890909090909
977	24.2	1.5	6972.608181818181	4708.647272727274
978	24.2	2.0	7085.815151515152	5618.012121212121
980	24.2	2.5	7265.531212121212	7153.621818181818
975	24.2	1.0	6748.082424242424	3441.377727272727
976	24.2	1.25	6747.50909090909	3891.1831818181818
972	24.2	0.25	6691.737272727274	2345.1963636363616
973	24.2	0.5	6732.320151515151	2549.658181818182
974	24.2	0.75	6741.177121212121	2790.5381818181813
989	24.3	2.5	7213.816363636362	7096.294545454545
988	24.3	2.25	7184.591060606061	6325.236363636363
987	24.3	2.0	6801.752272727273	5706.381818181818
986	24.3	1.5	6838.958333333332	4474.369090909091
985	24.3	1.25	6858.695757575757	3746.90909090909
984	24.3	1.0	6739.455454545453	3174.0878787878787
983	24.3	0.75	6706.225606060605	2784.0103030303026
982	24.3	0.5	6704.701212121213	2552.422575757577
981	24.3	0.25	6665.386666666666	2388.289090909089
998	24.4	2.5	7328.524090909091	7110.620454545455
997	24.4	2.25	7137.333333333333	6388.433333333333
995	24.4	1.5	6786.46606060606	4467.381515151515
994	24.4	1.25	6739.483333333334	3884.639393939394
996	24.4	2.0	6968.830909090909	5550.672727272728
992	24.4	0.75	6748.784090909091	2850.85
991	24.4	0.5	6694.2699999999995	2569.6363636363635
990	24.4	0.25	6670.424999999999	2321.9899999999975
993	24.4	1.0	6779.064242424242	3184.57303030303
1007	24.5	2.5	7120.109999999999	6725.833333333333
1006	24.5	2.25	7217.15	6187.524242424242
1004	24.5	1.5	6851.94787878788	4610.575757575757
1003	24.5	1.25	6864.47515151515	4103.272727272727
1005	24.5	2.0	6984.023636363635	5748.1937878787885
1001	24.5	0.75	6770.182272727273	2743.1969696969695
1000	24.5	0.5	6689.991969696968	2611.6981818181807
999	24.5	0.25	6665.263939393939	2362.7772727272745
1002	24.5	1.0	6657.668181818181	3377.778787878787
1014	24.6	2.0	6837.112727272727	5654.400000000001
1008	24.6	0.25	6683.289696969693	2374.5739393939407
1009	24.6	0.5	6660.507272727274	2597.445454545455
1010	24.6	0.75	6617.984545454546	3047.6575757575756
1011	24.6	1.0	6742.679999999999	3232.2924242424237
1012	24.6	1.25	6783.110606060607	3781.750454545454
1013	24.6	1.5	7148.392424242424	4135.3949999999995
1015	24.6	2.25	7370.420454545454	6337.145454545454
1016	24.6	2.5	7188.095151515152	6702.526515151514
1018	24.7	0.5	6710.128333333333	2574.509090909091
1019	24.7	0.75	6709.613333333334	2794.99
1020	24.7	1.0	6736.7780303030295	3311.920454545455
1021	24.7	1.25	6840.967272727273	3656.988636363636
1022	24.7	1.5	6961.767272727272	4443.954545454545
1023	24.7	2.0	7288.053636363637	5464.58
1024	24.7	2.25	6952.1606060606055	6042.622727272727
1025	24.7	2.5	7207.956818181819	7198.890909090907
1017	24.7	0.25	6669.72181818182	2382.3818181818183
1028	24.8	0.75	6686.376363636362	2854.8151515151512
1033	24.8	2.25	7144.86818181818	6035.484848484847
1032	24.8	2.0	7130.352272727272	5498.1606060606055
1031	24.8	1.5	6801.512727272728	4498.83
1026	24.8	0.25	6658.25333333333	2356.457575757576
1029	24.8	1.0	6806.691515151514	3404.2242424242418
1027	24.8	0.5	6696.073636363637	2512.9709090909096
1034	24.8	2.5	7391.61696969697	7035.14393939394
1030	24.8	1.25	6818.109999999999	3650.559999999999
1042	24.9	2.25	7233.50606060606	6217.295757575757
1037	24.9	0.75	6781.978636363635	2805.0
1041	24.9	2.0	6967.135	5816.618181818181
1043	24.9	2.5	7177.943939393939	7384.381818181818
1040	24.9	1.5	6801.860303030302	4363.854545454545
1035	24.9	0.25	6683.547272727271	2317.492424242424
1038	24.9	1.0	6804.852272727272	3251.657575757575
1036	24.9	0.5	6670.865454545456	2547.0868181818196
1039	24.9	1.25	6861.612121212121	3864.138181818182
1044	25.0	0.25	6694.6256060606065	2317.445454545454
1045	25.0	0.5	6708.151666666664	2489.8
1046	25.0	0.75	6741.131212121212	2945.4151515151516
1047	25.0	1.0	6781.879999999998	3143.7499999999995
1048	25.0	1.25	6708.845454545454	4042.012121212121
1049	25.0	1.5	6845.448181818181	4383.533333333333
1050	25.0	2.0	7063.763484848485	5866.0199999999995
1051	25.0	2.25	7391.453030303031	5881.145454545454
1052	25.0	2.5	7358.955	7110.889545454545
1055	25.1	1.5	6977.240454545455	4502.060606060606
1054	25.1	1.25	6836.534545454545	3846.409090909091
1057	25.1	2.25	6897.98515151515	6255.26212121212
1058	25.1	2.5	7265.063636363636	6701.987121212121
1053	25.1	1.0	6789.9333333333325	3338.072727272727
1056	25.1	2.0	6979.996969696971	5827.401515151516
