	Windspeed	STDeV	Leq_x	Leq_y	Leq_res
0	15.0	1.0	48914.7396551925	71196.90201640273	63140.20076199549
1	15.0	1.25	49115.90303840269	71137.18172613847	62970.02028284124
5	15.0	2.25	53314.616708180074	88272.03284413193	76222.27130470694
3	15.0	1.75	49532.41553423565	71497.31427352378	62439.62913954319
6	15.0	2.5	52994.81849871782	91308.49496829278	77332.77875557652
2	15.0	1.5	50142.01238845941	67187.31485334592	59968.92468354306
4	15.0	2.0	50237.79602469979	61504.32281189183	61778.74407165239
7	15.1	1.0	49035.915775195135	79877.25404333565	65021.54358008544
8	15.1	1.25	49312.56525294905	81982.65141722454	65333.92314404705
9	15.1	1.5	50187.175901560855	76108.99728968529	66902.84919639995
10	15.1	1.75	50105.30224031207	86217.89180894058	66047.68796100814
11	15.1	2.0	51107.049656975105	76332.77393517627	68038.43991557624
12	15.1	2.25	50600.81385167422	84431.17441038409	59069.26158192807
13	15.1	2.5	51702.53246794134	79765.78307734191	69766.11557845953
18	15.2	2.0	50944.80579029194	72431.16701039198	56800.897871905225
19	15.2	2.25	51017.03090853085	70150.5786731462	60723.66309921457
16	15.2	1.5	50460.5997270041	86564.99741308	67613.96073059463
17	15.2	1.75	50360.076853051854	88631.62306542323	75427.70929066867
14	15.2	1.0	49299.773743920516	81437.59526935923	68716.51749506392
15	15.2	1.25	49560.92139402423	83895.63619019224	70851.19491038611
20	15.2	2.5	52354.272172653305	66703.83401206617	62822.77772678899
24	15.3	1.75	50262.30956301938	72110.28151237602	66507.78477606193
23	15.3	1.5	50288.56562545213	66492.76947437767	61808.53153659971
27	15.3	2.5	51733.54151115971	72609.91700055689	72823.28163561551
22	15.3	1.25	49533.60672753338	72309.43980360091	66315.19469659145
21	15.3	1.0	49243.985206122605	72526.96942377475	66022.17869174478
26	15.3	2.25	50516.65039509441	71664.46395507606	64325.7445269328
25	15.3	2.0	50575.51883248164	84914.71254665805	67100.35287622792
31	15.4	1.75	50445.26359821374	78759.05077469487	64640.99249600373
30	15.4	1.5	49915.56971544318	69798.37920834344	66163.08892985588
34	15.4	2.5	51069.3531133176	67580.13521558515	63787.98788431977
32	15.4	2.0	50236.532744588745	73739.90866532123	66592.833912084
28	15.4	1.0	49221.085714251145	75028.32282680708	62638.8109037976
33	15.4	2.25	51288.72447695439	63745.138813358804	66098.05941656392
29	15.4	1.25	49602.09514816626	76459.82605080007	62305.9043835267
39	15.5	2.0	51905.925797142496	87951.64003766439	72444.08372368076
40	15.5	2.25	56490.40904832388	94443.12455213825	72403.8803946616
41	15.5	2.5	51977.05391299203	80301.1316807765	69765.62737737934
37	15.5	1.5	49763.61509552785	55510.257369279134	58888.54097893512
38	15.5	1.75	50622.80932394946	79747.55798082023	60452.06181823573
35	15.5	1.0	49389.918484573514	77046.95889810787	61764.32154745635
36	15.5	1.25	49790.05515900686	78028.57888330828	61394.28882979368
46	15.6	2.0	50579.76188204634	90287.8170826128	60158.50620253073
47	15.6	2.25	51662.32873185546	75744.25589743364	61435.68817014445
44	15.6	1.5	49355.297626986496	65119.807388230016	58199.65350947917
43	15.6	1.25	49208.34225084465	48253.89507541561	53220.585284759916
42	15.6	1.0	48921.770757608974	52016.375610253075	54165.1261682299
45	15.6	1.75	50364.27228135218	47721.478893651125	49085.31912524638
48	15.6	2.5	51711.37169170105	72715.4214605206	62200.38553995843
53	15.7	2.0	51091.08380176336	68594.67751120045	61964.614292329636
52	15.7	1.75	50729.866594047424	80794.90382462535	65068.07546584903
51	15.7	1.5	49800.99468625845	89012.73523949076	71778.19681512487
54	15.7	2.25	51293.7278367194	70421.2817822336	62390.49057476806
55	15.7	2.5	50339.936658168386	61494.37538230999	61573.345064023335
49	15.7	1.0	49502.42088690232	76724.15261080065	64350.51597783283
50	15.7	1.25	49890.481574162855	77917.55716227758	64618.29769743029
60	15.8	2.0	52374.487944413995	86335.38627955707	68694.2372884573
61	15.8	2.25	52710.3384693094	90743.19191716462	72227.43668741467
58	15.8	1.5	50674.54293542358	76759.59148840106	67252.84352269604
59	15.8	1.75	49742.46003482702	76119.87538683586	67269.84259638905
62	15.8	2.5	53246.58980814397	94723.61028331377	77632.32982712545
57	15.8	1.25	49150.86331805687	76995.0773558651	66523.95074077835
56	15.8	1.0	48895.63538383625	75099.52572447235	63639.48645018546
65	15.9	1.5	50041.065515437585	78306.56701994155	64800.405881388135
68	15.9	2.25	51975.53482823639	73297.58900339062	66029.50209271608
69	15.9	2.5	54786.610491508756	99412.47262640933	82230.51379271303
66	15.9	1.75	49714.17449373335	78355.93185308421	62327.39473656675
67	15.9	2.0	51592.85595451544	64914.377015005906	59855.091581926186
64	15.9	1.25	49071.160770593604	77148.19595286486	63215.93272884321
63	15.9	1.0	48912.279610622594	83227.78054322608	65774.36453770022
72	16.0	1.5	50125.81035344981	71866.81841894175	60233.00866006761
73	16.0	1.75	50853.232058345195	70225.85835999045	56541.90303863343
76	16.0	2.5	50935.01425590879	71735.85178993318	69859.23500387349
75	16.0	2.25	52034.22469659943	89133.15514818259	67799.21180849211
74	16.0	2.0	51926.79403676819	96696.88325669305	73282.43320120827
71	16.0	1.25	49748.10689382995	75044.07530216088	62835.1031970757
70	16.0	1.0	49409.03626435412	86602.92496102926	71043.9343089624
77	16.1	1.0	49175.559912224664	75045.17517192531	65244.7091934297
80	16.1	1.75	51346.141177056394	82576.84889539638	67897.44091489095
81	16.1	2.0	52470.701785489575	83857.42185039172	70990.4306355477
82	16.1	2.25	51449.43303063056	74135.5589861079	65274.47180012667
83	16.1	2.5	54338.00456268746	98209.83887772195	82711.85601524364
78	16.1	1.25	49316.22786627701	75990.61243484577	64737.18705015832
79	16.1	1.5	49730.67820311646	75448.13316012795	61084.47050803289
84	16.2	1.0	49081.242178965724	77754.37241968629	62515.586718803745
85	16.2	1.25	49249.569648346915	66430.99544023979	64556.60225593024
88	16.2	2.0	51558.56648122396	79032.82445296255	64325.48053483189
89	16.2	2.25	50499.74771148526	74967.50068403152	63798.83554444118
90	16.2	2.5	52585.87535409889	87035.71631156016	69431.62208248205
87	16.2	1.75	51268.08592123888	89610.81566891837	68369.74594213474
86	16.2	1.5	49487.62323086806	81786.99638089028	70790.45925529655
95	16.3	2.0	50158.63869824911	63097.277027823424	56636.980874886554
91	16.3	1.0	49173.67094279806	79423.29879125557	63388.91450412369
94	16.3	1.75	50655.110079837585	66526.55663896046	59448.40218085972
93	16.3	1.5	49190.1511394046	63607.98646816387	59782.99314578112
92	16.3	1.25	50137.413560332396	89057.91761285356	70496.35735327516
97	16.3	2.5	52748.454635493275	69253.07083178616	61761.39449972229
96	16.3	2.25	51814.18537441497	65833.45535096992	57110.68680424693
103	16.4	2.25	52635.364230825755	85502.59652663776	64577.016289674655
102	16.4	2.0	51307.30935747836	73276.12521971953	62296.87766738605
99	16.4	1.25	49464.88794695296	82523.95255898891	67764.27181862123
98	16.4	1.0	48952.21040939027	53264.35916624469	51741.425500822435
101	16.4	1.75	50541.9802763761	71177.95157106135	67073.84829768201
100	16.4	1.5	49823.411837626896	67118.30376489653	60445.66296214994
104	16.4	2.5	52043.504189212574	75368.05268680216	74165.27335113911
110	16.5	2.25	51036.196327129386	62408.98602749435	65087.92071400715
111	16.5	2.5	52707.325828157365	69976.22631197472	61617.36358983317
108	16.5	1.75	50400.808354305795	53831.328430247544	56004.10404971721
107	16.5	1.5	51037.93231607669	91421.58885889653	71159.7024401879
106	16.5	1.25	50374.03670599419	82864.05016957864	67410.41227746954
109	16.5	2.0	51354.19521263879	77076.21657330406	71875.3441951042
105	16.5	1.0	49557.102118430885	80827.19919060463	65341.13892372862
116	16.6	2.0	50412.858282648565	83944.3245592115	70616.21268780383
117	16.6	2.25	52316.68600346238	82406.25026948341	69143.12663213912
114	16.6	1.5	50713.16357920803	76313.9183675245	66880.45074972992
115	16.6	1.75	49876.190815961665	68908.09033821471	56098.37692400739
118	16.6	2.5	52209.3936696604	76306.92835994039	74914.06481191305
113	16.6	1.25	49223.70497925439	83679.2470159046	63723.112171981
112	16.6	1.0	48820.75461330079	81106.27792861735	67771.89211257751
121	16.7	1.5	50044.71331731052	87301.05684976076	69694.39123673775
123	16.7	2.0	50531.80398813725	68168.12113213155	60509.164398741086
122	16.7	1.75	50850.917910052194	96912.73735701885	74903.92542123378
125	16.7	2.5	52725.376639772876	70216.034975262	61297.63630906449
124	16.7	2.25	51600.86853374804	86970.78020664307	67275.30951643178
120	16.7	1.25	49966.75381875525	83180.86120730542	66713.18473436504
119	16.7	1.0	48809.056078672904	78873.07450680736	64510.88084199674
127	16.8	1.25	49801.38488741593	85296.42380028317	63820.72147159205
126	16.8	1.0	49455.95659036612	73725.41796566852	60147.25211382527
128	16.8	1.5	50758.00204760237	81159.89986871851	65257.15565110815
129	16.8	1.75	51069.736508539594	78876.30452449269	65908.5207692098
130	16.8	2.0	52459.907198078254	92107.5880077418	74220.58680357739
131	16.8	2.25	55780.746398862764	94539.46555615026	76928.50180575975
132	16.8	2.5	52192.90970910916	76799.71632001405	74674.90086047625
133	16.9	1.0	49710.621376168376	81806.33302576098	67555.2431897151
134	16.9	1.25	49314.33988672764	71919.8178998088	60925.39037285474
135	16.9	1.5	56785.04650728202	111609.65723695996	86931.83615528778
136	16.9	1.75	51531.17895343831	78868.93924990794	62681.10616278051
137	16.9	2.0	50999.878183540364	75396.76959097353	70863.96616216368
138	16.9	2.25	50807.48950953406	71222.10456360679	65640.77290388587
139	16.9	2.5	51807.5937788671	70794.96270061035	64404.18037835324
140	17.0	1.0	49440.11014171668	81714.17696464568	65079.456032654896
141	17.0	1.25	50218.88924454711	83397.06845486861	67832.32909562338
142	17.0	1.5	50929.70316142268	102791.74798202842	78389.11724587099
143	17.0	1.75	49742.8777836333	68135.61849871624	63710.94095291479
144	17.0	2.0	50697.89533232246	62733.929692347265	57015.66707478519
145	17.0	2.25	52105.681309026346	92598.05384508321	72726.50814278932
146	17.0	2.5	52759.54018454106	70717.28099451352	60830.40821681148
149	17.1	1.5	50883.32590368095	80481.86924566243	65695.0750309848
152	17.1	2.25	52981.94502691141	101551.6765188265	75846.79241089974
150	17.1	1.75	50693.04692060959	90296.77723176744	70079.30967200594
153	17.1	2.5	52572.31704584179	77784.56360018256	74533.42465500483
148	17.1	1.25	49448.240585584426	77029.00400178794	69342.84268831942
147	17.1	1.0	48662.13294513866	71074.25252689149	59289.53512828788
151	17.1	2.0	51731.976725525834	95997.0405475012	73342.83097656615
156	17.2	1.5	49058.5331191406	73546.78912408826	70125.2699458803
159	17.2	2.25	52712.64645779388	88325.31113564876	75448.72096093636
157	17.2	1.75	50872.30251789409	63844.596556405995	63197.29393634921
160	17.2	2.5	52672.13598655673	71351.83309485683	61189.517698678406
154	17.2	1.0	49266.622746231245	75950.31717082112	66812.49595755912
155	17.2	1.25	49544.82079265452	81865.62114371518	64456.00992306861
158	17.2	2.0	50916.12385366599	81031.65338922133	60593.238311989764
163	17.3	1.5	49492.767051353185	66873.85118304305	57734.614718302124
167	17.3	2.5	52552.45410086756	78192.08054964061	75117.32617121226
165	17.3	2.0	50889.31881117645	84281.68794099116	64551.79764197756
161	17.3	1.0	49104.72626916517	63490.34880850564	55771.69985603
166	17.3	2.25	52229.31260988535	98496.1130893154	70819.95811723205
164	17.3	1.75	50237.76695475017	73855.00425412158	59133.73730406457
162	17.3	1.25	50260.7080428832	87553.02352507293	72075.26580248539
172	17.4	2.0	52798.07826622227	95851.82233331891	81206.51377603615
171	17.4	1.75	50668.65532133492	83482.73827975351	62576.65315268016
174	17.4	2.5	51803.52501191262	71840.53797503757	64902.785437592174
168	17.4	1.0	49063.69432064003	74683.63442988425	60249.84264836156
170	17.4	1.5	49816.26248265676	77766.83442931334	57655.45279383921
173	17.4	2.25	52689.28840274894	99084.22821616309	80741.66411992462
169	17.4	1.25	50121.79184921335	88520.49916705758	68313.54214403941
179	17.5	2.0	52819.754749111955	101555.95452641537	72953.15506607291
180	17.5	2.25	51269.48981264933	83655.88422872107	70148.6495395872
181	17.5	2.5	52933.61245202214	72108.4263789143	61470.08863629821
176	17.5	1.25	49396.02843319946	83838.55061408147	68414.38330385428
177	17.5	1.5	54094.911600302956	108255.24369566592	82180.42868562898
175	17.5	1.0	49139.57892979922	92231.64721969957	71095.57133513845
178	17.5	1.75	50944.0063457825	87904.96617363642	71242.9246113886
186	17.6	2.0	51317.67377068361	83672.87881899666	70109.84103399205
187	17.6	2.25	52891.976083190195	94584.58638103955	74293.07790310352
184	17.6	1.5	53051.79708061066	91928.33362720751	72351.18049869144
188	17.6	2.5	52763.38338943415	78363.52890208183	74778.84067596828
185	17.6	1.75	50397.93886071855	84408.22101301298	68380.88879925576
182	17.6	1.0	49386.34012256853	79905.5005729915	63979.805750498395
183	17.6	1.25	49803.30178715221	73421.33831149653	61321.919670984484
190	17.7	1.25	51622.989563697265	98834.04961381697	74656.02204114679
193	17.7	2.0	51089.38827768599	77410.9095301417	64022.342841363294
194	17.7	2.25	52158.027049664364	70018.93015456584	62409.89618390162
192	17.7	1.75	51560.989237828355	81946.07057810125	62226.148200444404
189	17.7	1.0	49763.70881842038	81357.56340387274	61862.56931249736
195	17.7	2.5	53088.05835648996	72100.23835580693	61485.13645954276
191	17.7	1.5	50997.0566917924	102830.6568448339	77989.02814383693
198	17.8	1.5	50326.371215184416	62307.77325953003	55492.34085930997
196	17.8	1.0	48557.25892816528	75609.27494882337	64089.462520303656
201	17.8	2.25	51698.022647767044	88184.89417977016	66510.154263088
200	17.8	2.0	56812.947988584936	112923.43693397866	77580.99464025871
202	17.8	2.5	52974.67004571841	78670.66660657352	74746.7748114129
197	17.8	1.25	49650.08791791641	74342.66039914866	58108.87406244278
199	17.8	1.75	59075.75206575668	110422.68651505036	83542.61556784486
206	17.9	1.75	50243.35823529679	84070.35789970995	66920.67988638514
205	17.9	1.5	49370.43933638431	82552.42543880835	62910.511949728636
203	17.9	1.0	49578.58290548413	88629.43786837743	66071.16748132746
208	17.9	2.25	50580.234961157104	102168.68460733081	76650.02411252503
207	17.9	2.0	51291.82292081629	66001.90717387678	56948.71773046093
209	17.9	2.5	52096.94248727593	72568.75140028131	65036.488754614365
204	17.9	1.25	52696.59080748906	94061.38082036133	70216.7974468566
214	18.0	2.0	51809.95357806314	73523.77706869741	61745.27975289807
213	18.0	1.75	51253.63197307263	87484.37325426488	71689.53059695047
211	18.0	1.25	49480.73266320357	65451.68770723492	57452.83687375084
212	18.0	1.5	49800.83203210955	100590.26509182295	70729.95557410689
216	18.0	2.5	53232.7459363589	72787.70812115667	61748.049027269706
215	18.0	2.25	54008.813505823004	98737.91772533937	82581.72194797882
210	18.0	1.0	49288.51582896015	71649.4886322884	64504.79781344155
223	18.1	2.5	53014.066498369226	78464.41747103643	74643.98930707936
220	18.1	1.75	54981.27570271727	103401.9987474043	74183.16568722589
218	18.1	1.25	50429.8050810831	99837.73520332396	71349.79072541777
221	18.1	2.0	51046.642994933536	90450.51084188417	67627.72119980122
217	18.1	1.0	49033.60562551233	78862.03555773965	60961.68116794364
219	18.1	1.5	49900.96977610743	69913.7926254188	59909.422661767276
222	18.1	2.25	51321.320949578556	62524.29084447188	56237.199051128315
225	18.2	1.25	50049.47080801585	98040.30397603707	72173.24582378396
224	18.2	1.0	49365.03268900273	83911.09319440034	61278.37910988764
226	18.2	1.5	50305.780654772534	85295.17335401199	71559.7370533917
228	18.2	2.0	52411.95795212247	90962.2488640753	70891.8749160884
229	18.2	2.25	52371.31654339502	86651.09972033271	51884.39317001423
230	18.2	2.5	53322.84869617583	73285.9742540457	62411.831381698306
227	18.2	1.75	50730.64279096274	67947.85193969664	57277.77557160398
237	18.3	2.5	53154.95949392732	78635.76969336311	74586.28701510589
235	18.3	2.0	51111.30074427003	68747.84713789944	59501.58226713428
236	18.3	2.25	53980.253348044	100598.14750037527	75644.08750841326
231	18.3	1.0	49390.25433242148	87695.34760297042	68011.67562843762
234	18.3	1.75	51749.68999966417	79278.47691966285	58168.18552751646
232	18.3	1.25	49002.298924307055	78554.57503292251	65944.2856348725
233	18.3	1.5	49694.837676831055	90955.2273810369	65938.46973424492
238	18.4	1.0	49142.81881509389	87554.14116584665	66096.00633484988
240	18.4	1.5	51046.26330375111	84904.20908912811	68260.64523320194
241	18.4	1.75	51556.071606630256	80717.32887282973	63749.879702629776
242	18.4	2.0	52052.096542189756	62988.07697449168	54669.79306927196
239	18.4	1.25	49590.643935057524	90464.12990012224	65135.48778428334
244	18.4	2.5	52075.32997400245	73622.60590928615	65624.83899171336
243	18.4	2.25	58124.24662935131	100366.42034890229	79785.04536058186
247	18.5	1.5	50284.39781969172	78770.09155483768	62301.60846520564
245	18.5	1.0	49658.8341260782	82378.19418386793	61716.9521706205
251	18.5	2.5	53402.791771061144	74132.45469252049	63124.616284855605
250	18.5	2.25	52036.61137903012	101095.50205022536	73604.39686051053
248	18.5	1.75	51548.34125931168	91159.16995319824	67130.5320287558
249	18.5	2.0	50607.89852933798	88596.70669482385	64726.82135494533
246	18.5	1.25	49849.23556204391	94306.8815742092	68215.80248257064
254	18.6	1.5	50405.586208126806	84593.83080913617	63390.6811938513
252	18.6	1.0	54950.92029579795	99534.78360901702	75225.32922581164
258	18.6	2.5	53481.82335462769	79020.63650769785	74324.95571859358
256	18.6	2.0	51025.4961524015	95991.42856655801	65071.06181812948
255	18.6	1.75	51338.38577818227	97744.33135810071	68043.51350295242
253	18.6	1.25	49641.726483254315	72789.95682719255	53165.796679789215
257	18.6	2.25	54341.81259347516	76043.5148257013	65108.074524150405
264	18.7	2.25	53636.28339468746	68183.17012757121	61874.302709234
262	18.7	1.75	51450.992807801114	80377.85165872029	62910.68518578108
260	18.7	1.25	50361.17214705055	74245.44785079347	57205.97710687466
259	18.7	1.0	49130.7604851731	86298.55712385666	63716.50617079412
265	18.7	2.5	53499.74735032113	74734.928661758	63326.23504628128
263	18.7	2.0	55436.193136317954	102988.23662072967	81485.1996309128
261	18.7	1.5	50039.51977477457	92662.92376261312	68901.08585391442
269	18.8	1.75	50903.32590186116	63438.43871975878	56734.669866125485
271	18.8	2.25	54426.46448594113	96680.95406447814	68541.11177110735
266	18.8	1.0	49746.87892481754	89173.02822256484	68479.18026585157
268	18.8	1.5	50626.167955710254	95000.9842121012	72688.7904421478
267	18.8	1.25	49847.17357237175	72878.96895175481	56171.154176143464
272	18.8	2.5	53628.266984298054	79061.76444603538	74012.95987497648
270	18.8	2.0	51973.28809794521	77644.61256064619	58772.87284710362
277	18.9	2.0	53464.44024146431	83232.10242353147	59952.37722020331
278	18.9	2.25	53802.06695847663	75466.14403923201	60978.36011655872
279	18.9	2.5	52385.98824752557	76217.56075834257	65937.7135741655
276	18.9	1.75	50306.30484482613	91319.37186694346	68583.42191879406
274	18.9	1.25	49335.722180186414	87018.08016671338	65483.046765623985
275	18.9	1.5	51678.61455162125	97653.03493713455	72881.63675092893
273	18.9	1.0	50222.36601695958	97929.15694612212	69604.89097797834
285	19.0	2.25	59283.863393051965	108990.76908265322	77095.68146706022
280	19.0	1.0	49450.80834345654	76881.46947547175	60116.01748310985
281	19.0	1.25	50784.44651925831	80463.73416531661	61000.94486681329
286	19.0	2.5	53361.82588578706	76038.77123654375	63864.637434851444
284	19.0	2.0	51879.4942843786	98311.89819854853	66512.54881443897
283	19.0	1.75	50044.10685440098	87946.77397938892	60276.36591370103
282	19.0	1.5	51662.00325116084	103634.55950315094	69088.7098403245
293	19.1	2.5	53856.5532122762	79611.78605903158	73454.10909915845
290	19.1	1.75	50419.52642489469	91438.11419895609	66041.92106699904
292	19.1	2.25	52629.1335768122	95755.89074628665	70618.84509258685
291	19.1	2.0	54556.728550365	113659.1996798092	83190.38188723849
289	19.1	1.5	50151.10346784339	74714.17562866083	63292.79393945929
287	19.1	1.0	49934.66185771273	83091.14528558504	61213.492823929504
288	19.1	1.25	49975.5274741975	95312.86542643217	67477.9830047217
298	19.2	2.0	62564.16587554035	120321.62553407863	84348.77259545
297	19.2	1.75	53390.135208877124	108530.4156636317	77566.34079790884
296	19.2	1.5	49966.019703348975	82876.213945395	65325.66244019044
295	19.2	1.25	50227.74887451262	86258.82668812419	64076.89537887034
294	19.2	1.0	50052.29002962548	84198.669788135	64076.31085849215
299	19.2	2.25	52143.63030361336	85097.12007228141	67286.52862072154
300	19.2	2.5	53391.747782326296	76853.08111182522	64562.67809754795
304	19.3	1.75	51747.0929993563	81215.70754520594	57752.59369054875
307	19.3	2.5	54134.029725987384	79903.77752394717	73303.40628262331
305	19.3	2.0	52155.49299698139	75720.8130276206	59434.31868664492
306	19.3	2.25	54004.206808924304	102023.74204348768	75407.05968594189
303	19.3	1.5	50940.62616937355	80138.04290568006	61164.420638470605
302	19.3	1.25	49578.724189098684	84496.05664421605	61514.833772162994
301	19.3	1.0	49751.47908266176	90459.83151950552	64766.89862363571
314	19.4	2.5	52686.09598140754	78889.49773114649	65999.9596587486
309	19.4	1.25	49819.770086752935	93685.72704557938	65248.80537563483
308	19.4	1.0	49942.82030908409	94725.04641807103	66305.08139231593
312	19.4	2.0	51494.08497599388	92189.34068032613	68008.16393839268
313	19.4	2.25	54052.898261064096	78205.14335649619	58177.230270493244
311	19.4	1.75	51445.51457695191	102150.02279423454	71724.17959627179
310	19.4	1.5	50974.80181959557	82039.33290121518	63089.511973103035
320	19.5	2.25	53276.51452423174	101685.1242971156	75116.71340828273
315	19.5	1.0	49774.965959912006	84337.28410352889	64231.33712623627
317	19.5	1.5	50783.70719652264	86377.63171554318	64598.241950813295
316	19.5	1.25	49876.59501189914	98176.93492894937	70195.54014912531
321	19.5	2.5	53149.14588524852	77937.88052213876	64683.45195145699
319	19.5	2.0	52207.522096383706	78634.50899160921	61106.16175695462
318	19.5	1.75	55998.66996626872	104566.0949147031	72228.42414728618
325	19.6	1.75	51415.89180253096	84480.03664420792	61854.80201470229
327	19.6	2.25	52702.2445876676	62160.75487450567	57834.15762768842
322	19.6	1.0	49657.29369985267	76441.22702982088	55839.06365094208
324	19.6	1.5	50243.54373514242	88465.31077424512	62120.675669039396
323	19.6	1.25	49686.85640721445	95060.40472009449	65099.570214129824
328	19.6	2.5	54281.95202142549	80627.01241516034	72979.94083088581
326	19.6	2.0	53009.82521030218	101059.28100370885	74602.53474425898
333	19.7	2.0	52168.21893783846	105323.76047023197	76086.50023771169
329	19.7	1.0	49385.501491390205	90656.06424138094	63754.84454885005
335	19.7	2.5	53231.88314143519	78605.41705355952	64866.960921794016
332	19.7	1.75	50590.52789647004	92116.13197253118	66450.20926544486
330	19.7	1.25	48965.61426945411	79669.44464325534	59545.186232949614
331	19.7	1.5	50639.29876781314	95561.43792359823	73468.9719304307
334	19.7	2.25	53142.55835128948	86028.13537712459	59199.83608272179
341	19.8	2.25	54186.8359819937	78464.39886140294	62311.12769915193
342	19.8	2.5	54376.494146577825	80956.81743174348	72988.94698508695
339	19.8	1.75	51857.06581537233	105954.91976634803	78493.02854761053
336	19.8	1.0	49019.835752723455	89410.79520513999	61918.58204113114
340	19.8	2.0	52878.73909578315	95280.57231412461	68626.24752549367
337	19.8	1.25	50725.756832858395	86622.49460142109	64418.599195686045
338	19.8	1.5	50882.970317164785	102112.41543979946	66161.39746588525
349	19.9	2.5	53065.34558208682	81551.99066108553	66177.56114757877
344	19.9	1.25	50195.943179277725	93164.42036165948	64479.526241953274
343	19.9	1.0	49268.83955613	90728.76085616073	62100.09684104075
345	19.9	1.5	51396.592373818305	86496.19916326224	63220.95486613572
347	19.9	2.0	51027.56984934692	98587.45777779895	64065.78556717886
348	19.9	2.25	53337.16784516891	89575.64612803134	64171.71228075944
346	19.9	1.75	52764.553583536086	69799.77158485081	57567.49125383691
352	20.0	1.5	50498.94364667109	91908.83061019953	65717.90837381089
355	20.0	2.25	54922.96204651624	95037.12278382733	68067.99544971435
354	20.0	2.0	52995.335453493586	105225.31937633194	74042.99298933358
356	20.0	2.5	53420.35414264586	79421.66415833446	65126.78950404919
350	20.0	1.0	50003.15841454395	104138.85255520846	69304.59273675748
353	20.0	1.75	51522.946359720394	90265.06948795075	70330.28168906698
351	20.0	1.25	49953.16955625591	92068.7788232516	63823.54930636096
362	20.1	2.25	62818.459171581526	110482.32983522394	82710.88230643622
357	20.1	1.0	50142.51495940943	87464.20784031462	61122.2671770834
361	20.1	2.0	53353.75298815806	104095.42079607207	66949.99781637831
360	20.1	1.75	53319.01249151046	101918.90277221284	70992.15547329372
359	20.1	1.5	50668.98557513255	77100.63014894446	62208.900672900745
358	20.1	1.25	50888.761862575135	77674.6578904523	59489.8868799713
363	20.1	2.5	54509.29169434165	81727.59203755156	72123.26104228006
368	20.2	2.0	52352.662981433125	91302.91917133192	71944.90403224008
365	20.2	1.25	49802.298096833656	97910.71252246365	66812.59743246445
364	20.2	1.0	49679.34150875058	98743.24366484808	65633.23811420021
367	20.2	1.75	50622.18618647494	95671.40834555963	65381.507004986306
369	20.2	2.25	53060.223388599006	99450.42151293563	75620.16827894698
366	20.2	1.5	51674.51906715107	103674.45627690369	70826.52072622642
373	20.3	1.75	52220.59464048623	98045.49832093157	67099.63410085252
375	20.3	2.25	52443.189584838736	80433.59595005977	64468.82876792792
372	20.3	1.5	51907.2677649667	98733.88588770416	62981.47277452596
370	20.3	1.0	50210.688162809536	95914.59809305181	65031.83277458325
371	20.3	1.25	49523.896133173104	93044.19608837826	64108.8295789576
374	20.3	2.0	54659.075137637294	104181.22673601846	70931.45475498286
381	20.4	2.25	53598.15948641358	82554.77637487702	70049.73122528169
376	20.4	1.0	50124.124266821804	90238.78228430911	63345.54717417419
377	20.4	1.25	49681.560295984396	90038.27935960433	63490.72504800721
379	20.4	1.75	53092.03899129907	120957.96526044514	83745.86976740802
380	20.4	2.0	51409.29250878102	88536.40680614494	64619.32205175229
378	20.4	1.5	51278.97728467339	88437.8084431323	61526.51248115753
384	20.5	1.5	51923.586911687904	98879.57139865236	65917.69136857052
387	20.5	2.25	52552.36432862748	85757.970226932	66847.26225834842
386	20.5	2.0	53194.56231312677	102527.63834893747	70217.30830466734
383	20.5	1.25	50725.38450594591	85262.55476486798	60309.51370701568
382	20.5	1.0	49706.938174072835	94121.65890265406	62549.76116239249
385	20.5	1.75	51903.71360514796	89398.52225186925	65648.5186562558
391	20.6	1.75	51743.681670490936	93431.52645170027	66570.63315111848
390	20.6	1.5	51848.70911644786	102008.198027263	70389.50341882162
392	20.6	2.0	53380.99662839214	85536.38480914495	60475.29197005846
388	20.6	1.0	50315.50628883224	100687.39988370525	70717.80865725056
389	20.6	1.25	53236.14765643381	107977.3623070214	76998.59061703413
393	20.6	2.25	53511.69277272446	95664.85928292284	61669.41273218369
397	20.7	1.75	51580.24671325759	88965.45185722632	61386.81816854093
399	20.7	2.25	52968.78822957636	88272.2029195114	63846.730516091215
396	20.7	1.5	51146.35886903383	77251.86310699821	62520.34300148257
394	20.7	1.0	50863.25729428291	80224.14072430723	58385.80803603053
395	20.7	1.25	50847.12193798752	101263.81338627856	71604.47890242252
398	20.7	2.0	52838.09047289392	107036.33795362728	68597.10632154216
405	20.8	2.25	51803.8771644839	81962.61738365462	62505.50480777351
402	20.8	1.5	52628.571305415535	99843.62254415418	72598.23601760023
403	20.8	1.75	52634.40787310954	73852.54834101316	60383.56406641591
401	20.8	1.25	51223.612469388216	89924.03412474268	65047.438539249815
404	20.8	2.0	52040.23787003875	100968.26922534914	71712.89021855297
400	20.8	1.0	49978.179361879455	92523.3014778113	66253.682076537
410	20.9	2.0	53426.49568477287	108520.16366919302	69124.86094782838
409	20.9	1.75	52357.11103765781	97584.33090952782	69359.88179115106
408	20.9	1.5	51938.34950021053	91157.71925860774	61964.50651746204
407	20.9	1.25	51905.43473576582	104248.1524394135	68410.43875051325
406	20.9	1.0	50314.869653061156	100081.02140539495	66751.1623352589
411	20.9	2.25	54913.44728141479	109649.52419965182	73563.71022280533
416	21.0	2.0	52923.97180312744	108525.22951267946	65921.17792903124
413	21.0	1.25	51259.395679617104	90365.06137885722	65958.05619322004
412	21.0	1.0	49188.350707279686	92939.96113724653	64630.96891610541
415	21.0	1.75	52360.51958284931	98359.80814503616	75450.3201454692
417	21.0	2.25	60384.17692414652	126846.65142482969	86963.36550742711
414	21.0	1.5	52206.68249531154	84408.98048406871	61294.18584159158
421	21.1	1.75	51770.5085083471	93052.7358092405	64044.499326290956
423	21.1	2.25	53662.26896114138	101436.94211313801	76528.65665198353
420	21.1	1.5	50425.68033761396	108095.3497910518	69967.77796292049
418	21.1	1.0	50100.12629250543	100722.6792798994	65792.70638657971
419	21.1	1.25	50185.160554129114	97683.57246967572	66397.42168410409
422	21.1	2.0	52594.91420661758	98877.3053558244	68957.19339229481
429	21.2	2.25	52718.50548021115	83762.38198634224	65439.60939400474
424	21.2	1.0	50250.490795281934	92245.39705331474	64274.31623933556
425	21.2	1.25	50430.92199818207	88551.23444148422	65851.86806529156
427	21.2	1.75	54697.97932223396	103238.7690198484	65333.87669976154
428	21.2	2.0	53912.527706368186	106150.50311186307	74037.20789476758
426	21.2	1.5	51539.203626387694	97177.79682739504	70378.58284244423
432	21.3	1.5	52452.39933951572	103385.44110744148	66297.07330771352
435	21.3	2.25	53982.913723054735	85589.01225965077	69255.12124124615
434	21.3	2.0	53908.22118082196	95232.36844216056	67832.26163055713
431	21.3	1.25	51084.11227844576	98233.8608054638	69705.58779845008
430	21.3	1.0	50168.03817423502	103218.13591727466	64740.90467952013
433	21.3	1.75	52093.690328147575	102697.94003568555	73082.63592503952
440	21.4	2.0	53719.48279634811	111937.69071242792	73776.87416197143
437	21.4	1.25	53554.56861399386	108181.44734531711	73015.22643339804
436	21.4	1.0	49687.205889442055	99042.18828488373	67668.49521554852
439	21.4	1.75	52798.392803686824	99135.94424286229	64212.6742234416
441	21.4	2.25	53540.34294375748	91237.85536695588	69640.27216605663
438	21.4	1.5	50772.170359257594	96950.8052132146	65226.79579222233
445	21.5	1.75	52760.575464087524	88859.52248250814	66760.90082654261
447	21.5	2.25	53878.8759347916	99615.34294608021	63141.438998649566
444	21.5	1.5	52356.72839671326	102781.49568813601	67287.03347758921
442	21.5	1.0	50404.01779711356	105464.01605937311	64935.23036451929
443	21.5	1.25	51224.802455589816	96821.94746262925	64777.116677994265
446	21.5	2.0	58043.948613742316	110684.1876921034	75057.21858374026
453	21.6	2.25	53244.08520957681	94916.16335149636	66638.2215261535
450	21.6	1.5	52112.001622628515	122974.81782832627	82034.26900428647
451	21.6	1.75	52568.483754236986	93123.33415428265	65706.04154763292
448	21.6	1.0	50024.848418616195	104691.6227582466	64819.82380669356
449	21.6	1.25	50972.663370536124	103411.0467504866	69889.29490311688
452	21.6	2.0	52081.21341965659	96390.94710182321	70231.03385472987
457	21.7	1.75	52378.92883076292	83832.17378315877	67706.63180511585
454	21.7	1.0	49847.32311242434	100585.15671061544	67521.85576950494
455	21.7	1.25	50506.92549228853	100489.2363651441	70424.5052100947
456	21.7	1.5	51236.663838125016	96844.37443933362	64882.19001244184
458	21.7	2.0	54047.77327770666	98040.29830544266	66579.11557878993
459	21.7	2.25	52625.52357850455	88485.34540745495	66157.77676873769
464	21.8	2.0	53297.83352984882	108653.3009159651	73811.94924420473
461	21.8	1.25	51938.894469082785	110736.20940018939	72169.08989094541
460	21.8	1.0	50072.71375450026	103417.49641936108	66993.22232935719
463	21.8	1.75	53152.28530235642	97859.85626079465	68602.81178935246
465	21.8	2.25	55191.813744904604	113715.68365649412	73511.62729959145
462	21.8	1.5	51657.608657532546	96987.97979567124	66753.94813066497
469	21.9	1.75	53435.18186727046	116700.40554108896	74849.97847516695
471	21.9	2.25	61661.524048912	130502.19520857964	86828.0000764888
468	21.9	1.5	51653.95411109572	95974.54817705636	65716.4383970197
466	21.9	1.0	50856.725288465495	98658.79593285262	68603.50276809772
467	21.9	1.25	50112.72752248301	93083.49924290988	62396.882804253866
470	21.9	2.0	53264.91442458712	111500.46061896019	73156.36567790533
477	22.0	2.25	53559.538588399766	97541.40126710516	76397.6943634146
472	22.0	1.0	50717.46410580216	108307.07251235427	67419.09742308808
473	22.0	1.25	51919.72147975498	102739.95238817674	69430.36373125495
475	22.0	1.75	52177.937014731804	102512.5389786124	65679.51642196416
476	22.0	2.0	53930.95889975014	104790.53708107265	67025.24921203454
474	22.0	1.5	51923.54388794974	90127.3584044771	64336.55165211041
480	22.1	1.5	52470.433494389275	103077.69821173142	69334.38011764853
483	22.1	2.25	59039.16174105288	124733.4052380638	83068.65245666383
482	22.1	2.0	52049.08132048124	100559.42260939439	77104.32162066008
479	22.1	1.25	51030.73458752433	96034.38007240322	67534.94783786336
478	22.1	1.0	51078.538556035724	104357.77728849057	67668.96415167885
481	22.1	1.75	52615.72836201927	101049.68842946352	70238.92197943197
487	22.2	1.75	51996.52847716692	90686.52425019203	69459.58640025466
486	22.2	1.5	51227.03315916075	104875.74085253585	73971.58632208785
488	22.2	2.0	55359.83109617314	107817.09001909709	70010.83338459556
484	22.2	1.0	49507.951958267804	101706.57451099252	65312.2640136973
485	22.2	1.25	52232.452922242155	97025.061075689	67815.6092372056
489	22.2	2.25	53247.57620628506	90511.98118413567	68092.14516515091
491	22.3	1.25	52258.593581241046	102194.09988063748	67746.64039033969
490	22.3	1.0	51440.01276348892	100958.08707248281	67915.52646390331
494	22.3	2.0	52341.1500813842	101329.83317549057	77472.81895979414
495	22.3	2.25	54655.25009578015	92152.96886914986	69236.41297146471
492	22.3	1.5	51656.72777293929	100870.87827391186	68679.81978762822
493	22.3	1.75	51928.44795765809	115273.63216508168	71136.98758773928
498	22.4	1.5	52917.74182087447	111348.89665001503	69491.37704558305
499	22.4	1.75	52044.42286308791	88606.2162806557	64749.25290652242
497	22.4	1.25	52242.19681313185	119360.24181144589	72768.45833841029
496	22.4	1.0	50919.174020376595	108556.83390574857	71260.58156339475
500	22.4	2.0	52559.46539910107	107899.23701200186	75980.32033134173
501	22.4	2.25	54312.192810322114	104803.08861668507	73732.41782915159
502	22.5	1.0	50000.29591440315	109897.92691346238	69490.29575779483
503	22.5	1.25	50457.785431367316	96619.0892565683	66283.21708089861
506	22.5	2.0	54560.24535828673	119992.26141444471	73506.28259368704
507	22.5	2.25	53982.62886948162	103177.61668811353	65962.32265795844
505	22.5	1.75	52678.28377007867	107661.0503349245	75888.49115744756
504	22.5	1.5	51904.752943665684	109942.3002712241	75302.73460228223
510	22.6	1.5	51679.75980080912	106575.12850123721	69543.65740179384
511	22.6	1.75	51747.11850320064	104415.26735094986	66065.38357122599
508	22.6	1.0	50715.41824506982	107344.88441597857	67295.3799572751
509	22.6	1.25	50950.63317348981	103281.70423725876	67946.55420108375
513	22.6	2.25	53181.98124248455	102808.36006343272	69984.69609113404
512	22.6	2.0	53707.25274781344	102609.90715280446	66080.17579791922
515	22.7	1.25	51376.31292729265	123287.54972419083	75855.16332406548
514	22.7	1.0	50064.929634646935	105232.0785266399	75337.4140827305
518	22.7	2.0	55431.05451223102	115842.1757944293	74917.9875241193
519	22.7	2.25	53377.22244806779	96149.5066411187	69771.50637798864
516	22.7	1.5	52013.33146470132	98898.31936701454	71720.67622365455
517	22.7	1.75	55179.82625774304	114443.19104437101	77750.58699386408
523	22.8	1.75	54108.07114060418	102963.55707369647	69822.24062392305
522	22.8	1.5	52550.47524796107	104543.50378856443	69891.07471051087
520	22.8	1.0	50976.610953309144	108586.62591690317	68773.34350098082
521	22.8	1.25	51784.55053112679	104798.32910008474	70052.5394027707
524	22.8	2.0	56540.60092731188	128846.65599915056	80695.08231232563
525	22.8	2.25	54548.441649312335	119163.7063663105	75561.2167934369
526	22.9	1.0	50606.200986130796	105752.17464211423	75310.67290620494
527	22.9	1.25	50872.674419725525	113147.79743645096	70973.1375718518
528	22.9	1.5	51445.21772201788	97567.75011530296	72306.0392715688
529	22.9	1.75	53333.62569398086	109233.74204865233	68491.50308582891
530	22.9	2.0	54526.297369530745	121572.7706576656	81233.6558487476
531	22.9	2.25	61624.158017210015	131227.1351100295	86214.51295256082
533	23.0	1.25	53197.97949957045	110446.5278238613	75813.27668713577
532	23.0	1.0	50928.393330079365	110387.60957491708	74542.76355277508
536	23.0	2.0	54486.4877693927	105936.03461048561	71915.39061379495
537	23.0	2.25	54254.01323063452	102909.14457775958	76827.09513117488
535	23.0	1.75	67001.26143024725	124522.2849689823	85781.74437312759
534	23.0	1.5	52769.116535680834	109752.59975255211	72246.57180349856
541	23.1	1.75	52629.48395544217	106840.82384790399	73188.57709451999
540	23.1	1.5	52116.57813567996	118521.33084145485	75260.76751547185
538	23.1	1.0	51312.98728269816	116990.96574884596	74131.46347515736
539	23.1	1.25	51130.66015516867	106961.53931212386	71019.78947755657
543	23.1	2.25	58772.610499095084	126011.79326279431	83341.14840092523
542	23.1	2.0	53946.86840710372	108160.91622368473	73709.09377244284
544	23.2	1.0	50916.87062532684	108361.39494821697	67843.90165809027
545	23.2	1.25	50959.06422591031	100226.2798669388	70024.74949813217
546	23.2	1.5	51114.81259241027	111204.79474026353	70476.59144737743
547	23.2	1.75	53327.06150469288	116729.64989319569	79183.49629754826
548	23.2	2.0	55762.59870610343	125769.57864847293	78692.74357842727
549	23.2	2.25	53682.457973364086	100818.83982240522	72404.38782320062
550	23.3	1.0	51494.836086029856	115809.35195359094	73595.49328969367
551	23.3	1.25	50987.52394841488	106992.41180017589	67832.69733596964
554	23.3	2.0	52995.414367416546	106276.4883183919	71861.99101868189
555	23.3	2.25	54731.70395993195	99331.77616422724	72948.95880844028
553	23.3	1.75	53051.75133988556	118458.36887068562	73010.00208375162
552	23.3	1.5	52248.91871493793	110964.14135163036	74121.52976604707
558	23.4	1.5	52192.06044212653	103255.3536563698	73881.33922137265
559	23.4	1.75	52967.37359131109	113181.89802079053	77639.4653856035
556	23.4	1.0	50262.97306420713	118026.2200034296	70874.64214106077
557	23.4	1.25	52300.50730730115	116534.7620684307	74407.62029287708
561	23.4	2.25	55306.46780808166	115394.87878623256	77489.39745351273
560	23.4	2.0	54035.711777850025	108721.18292962693	72874.42649706181
565	23.5	1.75	53384.06547225284	122149.63074638005	80888.31233662105
564	23.5	1.5	52292.92874611722	121991.03588011018	75381.45529947293
562	23.5	1.0	50924.535818591314	116885.30023112202	74065.45232124574
563	23.5	1.25	52405.561141840015	114368.47780663514	71104.96199878876
567	23.5	2.25	54613.61010105929	105272.80524883771	69281.75931822602
566	23.5	2.0	54469.65074383836	120029.17974489377	75414.37045647427
570	23.6	1.5	51835.20800975615	99515.76320603883	70352.87538693892
571	23.6	1.75	54171.01731864985	117446.7879257105	74872.66829945153
573	23.6	2.25	53477.831897889606	109458.118869074	73846.69048211214
572	23.6	2.0	55027.3649173882	128841.24529340556	82902.26796678493
569	23.6	1.25	51127.7629398562	105433.46100472967	69050.76662778748
568	23.6	1.0	51635.74358607554	110377.7430498154	71016.65874603734
577	23.7	1.75	53667.62718071663	113199.23800649996	76522.1785611559
576	23.7	1.5	52376.68949866729	118421.08157999962	77970.95965528149
575	23.7	1.25	51308.711922568815	113121.12360132243	73423.64305147491
574	23.7	1.0	51067.70887753803	113139.45433909583	74174.4324218785
578	23.7	2.0	54740.309653171564	111803.62889223923	72474.60522866283
579	23.7	2.25	53104.37675707059	106665.69607432075	74019.8617326917
581	23.8	1.25	51854.25285833648	116035.18073928781	77070.62289880346
580	23.8	1.0	51078.44168565167	122481.02850301162	74726.45575695546
584	23.8	2.0	54998.05962845172	113282.61922230074	77738.32027669446
585	23.8	2.25	54897.788987543616	125788.94887475662	79565.1816617062
583	23.8	1.75	54813.621464256554	131360.3028458134	83158.52199693347
582	23.8	1.5	51722.60696591591	113084.33137886996	70984.55255275071
589	23.9	1.75	54103.34051625513	116082.63106279583	75055.97856160744
588	23.9	1.5	54697.92915014193	124723.38204142419	81083.39544163612
586	23.9	1.0	50641.78193585031	112849.90092847009	73251.48072590589
587	23.9	1.25	53711.42114642828	124271.26393657157	75718.785568531
591	23.9	2.25	61387.42776111712	131813.20986000763	85952.35138332743
590	23.9	2.0	54688.54218610725	122628.10595767484	70109.9939115094
592	24.0	1.0	51294.43745222056	114521.49266041	73265.9242361305
593	24.0	1.25	51923.52046084201	122846.46313244337	75450.52282358319
597	24.0	2.25	55026.31086218211	107599.84028589643	77176.87359558324
596	24.0	2.0	52869.35797837537	129575.09018536587	84062.44667959375
595	24.0	1.75	52989.979664629696	109052.41054960556	74681.72744542289
594	24.0	1.5	54124.20050668276	108669.1311334774	74428.6107924951
603	24.1	2.25	58571.596121118964	127149.6108996133	83035.6256390622
602	24.1	2.0	56315.69888765591	119996.5060883563	81010.5203076396
599	24.1	1.25	51401.031218198834	116155.85126215061	76944.07906009966
598	24.1	1.0	51632.264039965674	121208.41356058103	74659.43151009774
600	24.1	1.5	52635.20886733771	119046.28383343121	72936.32350069402
601	24.1	1.75	53533.755188780466	117280.94764792132	76275.6946173241
605	24.2	1.25	52614.99492738798	124518.02638347798	81095.90541326124
604	24.2	1.0	52329.346868701	126386.19921934641	78636.35640771526
608	24.2	2.0	54243.45715392675	120667.0444170499	80017.35394498149
609	24.2	2.25	54256.69629965353	109307.20713081109	76144.66131910933
607	24.2	1.75	52397.841403807666	117957.0263518151	77514.09503530098
606	24.2	1.5	62226.44142898648	127685.47973789774	82976.28556782792
611	24.3	1.25	51593.9082167019	112573.7993685041	75125.4372792371
610	24.3	1.0	51817.04392727011	118656.85844157542	73604.85040406269
614	24.3	2.0	54656.717388138604	124986.7633950268	78852.3794826147
615	24.3	2.25	55207.853128401584	108134.0214743554	77067.57346732129
612	24.3	1.5	52214.53237157835	115336.2784923419	76933.75566962117
613	24.3	1.75	54112.06584015431	114794.22664585066	72695.41319212508
619	24.4	1.75	53707.70543794509	125848.39319218384	81068.25817969345
618	24.4	1.5	53123.00734646	125867.11691361832	81177.39162269069
621	24.4	2.25	56218.474857722176	123858.08358939615	80811.19334248427
620	24.4	2.0	52528.81539887992	111368.47818196155	78142.4717972011
617	24.4	1.25	51642.33842302517	116582.35221317694	76717.81203637962
616	24.4	1.0	51509.37915152977	119350.5212805078	77593.53712681695
625	24.5	1.75	54374.60281081911	120952.06434263814	79140.56323065332
624	24.5	1.5	52625.97554713721	122391.76452428661	78031.1883693286
623	24.5	1.25	52847.819163744854	111251.55337607939	71843.91876203434
622	24.5	1.0	51395.46513744734	123889.35738018094	73303.23142243866
626	24.5	2.0	56859.19518347643	129756.34560604893	86925.52054303157
627	24.5	2.25	55017.11281147925	108092.4883569354	72629.62920869792
629	24.6	1.25	53456.10369086334	117402.45859442584	74208.81092109397
628	24.6	1.0	51567.48355616885	127843.90499173147	81149.17213908723
632	24.6	2.0	67343.48252252316	151785.0662900746	92081.373445147
633	24.6	2.25	54951.60334318405	115984.85646434149	77501.55134809838
631	24.6	1.75	54010.06642982894	132011.10712163773	86154.38250632345
630	24.6	1.5	52524.687118865455	123624.4811044088	82010.82828550354
635	24.7	1.25	52946.38786578472	131050.51765065237	79569.78548629579
634	24.7	1.0	52490.13367539319	121452.97439095905	79264.45335862886
638	24.7	2.0	52434.34126261974	110242.51843976793	74105.4080689477
639	24.7	2.25	53004.980797124	115970.06940733205	78107.12003843987
636	24.7	1.5	52859.50089720811	130397.0211977074	84613.11356558025
637	24.7	1.75	54583.92459736668	124813.39936681032	77504.12722591418
641	24.8	1.25	51738.48432713868	127645.37278863681	84003.5502044835
640	24.8	1.0	51267.14627920668	124821.08020778153	78796.07433221715
645	24.8	2.25	55740.078023683134	134092.40291959047	83488.68095800494
644	24.8	2.0	54901.41610229324	134114.9570260009	88839.59280652131
643	24.8	1.75	54416.284497467	125987.787390147	80566.10094807172
642	24.8	1.5	53582.62422828433	126698.77269844555	80717.81600369052
651	24.9	2.25	60957.73420870083	139111.84904038595	85868.80018788276
650	24.9	2.0	54896.213858286195	119142.70928357301	80931.10088355228
647	24.9	1.25	54910.63491667475	129658.58747968305	79070.39414855333
646	24.9	1.0	51692.4331413572	126525.9602274619	78653.6590137347
648	24.9	1.5	54911.520558241005	122515.88207265748	80290.28493767891
649	24.9	1.75	54465.75228519046	126855.66383167435	84189.45466705857
655	25.0	1.75	55244.49166244746	129855.65997527148	85706.95345461341
654	25.0	1.5	54937.75245911545	139690.9931459386	87076.33712450314
653	25.0	1.25	54776.890492986786	132722.42587861625	81817.14419163697
652	25.0	1.0	51571.00863242977	118955.6017679894	78487.29291329303
656	25.0	2.0	54176.21557890603	124681.77869911275	80221.97105735898
657	25.0	2.25	55638.74245664584	113709.58047519838	78036.99337569828
